2023.11.21 21:45:16,3786,1585,60-10,0044
2023.11.21 21:45:56,5334,8044,6678,1-144
2023.11.21 21:46:00,3786,1585,6060,68-10
2023.11.21 21:46:04,-1334,1585,0222,-1044
2023.11.21 21:46:08,3786,8044,6678,1-144
2023.11.21 21:46:12,3786,-1-1-10,6060,6-160
2023.11.21 21:46:16,5334,1585,0222,0-144
2023.11.21 21:46:19,3786,8044,6678,1-144
2023.11.21 21:46:23,3786,-10-10,6060,1-144
2023.11.21 21:47:27,3786,8044,0222,1-144
2023.11.21 21:47:31,3786,1585,6678,6860
2023.11.21 21:47:35,5334,1585,6060,-1-144
2023.11.21 21:47:39,3786,8044,6678,6860
2023.11.21 21:47:43,5334,-1-1-10,0222,-1-144
2023.11.21 21:47:46,5334,1585,0222,1-144
2023.11.21 21:47:50,3786,8044,6678,6860
2023.11.21 21:47:54,5334,-10-10,6060,-1044
2023.11.21 21:48:58,5334,8044,6062,1-144
2023.11.21 21:49:02,5334,1585,0222,0044
2023.11.21 21:49:06,3786,8044,6678,0044
2023.11.21 21:49:10,5334,8044,6060,1-144
2023.11.21 21:49:13,3786,1585,0222,8-144
2023.11.21 21:49:17,5334,8044,6678,-1044
2023.11.21 21:49:21,5334,8044,6060,1-144
2023.11.21 21:49:25,5334,1585,0222,6-162
2023.11.21 21:50:15,5334,8044,6678,1-144
2023.11.21 21:50:28,5334,8044,6678,1-144
2023.11.21 21:50:29,-1334,8044,6062,1-184
2023.11.21 21:50:33,3787,1585,0222,-1-144
2023.11.21 21:50:36,3787,8044,6060,-1044
2023.11.21 21:50:40,5334,8044,0222,-1-144
2023.11.21 21:50:41,5334,8044,0222,-1-144
2023.11.21 21:50:44,3787,1585,6678,-1-144
2023.11.21 21:50:48,-1334,1585,6060,1-144
2023.11.21 21:50:52,5334,8044,0222,-1-144
2023.11.21 21:50:53,3787,-10-10,0222,-1-144
2023.11.21 21:50:55,3787,1585,6678,1-144
2023.11.21 21:51:06,3787,-10-10,0222,1-144
2023.11.21 21:51:59,3787,8044,0222,-1044
2023.11.21 21:52:03,-1334,1585,0222,6860
2023.11.21 21:52:07,5334,1585,6678,-1-144
2023.11.21 21:52:11,3787,1585,6062,1-144
2023.11.21 21:52:15,5334,1585,0222,6-1-10
2023.11.21 21:52:18,3787,8044,6678,-1-144
2023.11.21 21:52:22,3787,1585,6060,1-184
2023.11.21 21:52:26,3787,1585,0222,6-160
2023.11.21 21:52:50,5334,1585,6678,68-10
2023.11.22 00:00:41,3797,1585,0222,6-160
2023.11.22 00:00:53,5334,1585,0222,-1044
2023.11.22 00:01:06,5334,8044,6678,-1-144
2023.11.22 00:01:19,5334,8044,6678,-1-144
2023.11.22 00:01:32,-1-160,8044,6060,-1-144
2023.11.22 00:02:45,3797,1585,0222,1-144
2023.11.22 00:02:58,5334,8044,6678,-1-144
2023.11.22 00:03:11,5334,8044,6678,-1-144
2023.11.22 00:03:23,5334,8044,6678,0-144
2023.11.22 00:03:36,5334,8044,6678,0-144
2023.11.22 00:04:49,3797,8044,0222,-1-144
2023.11.22 00:05:02,3797,-1-1-10,0222,-1-144
2023.11.22 00:05:15,-1-160,-1-1-10,6678,-1-144
2023.11.22 00:05:28,-1-160,1585,6678,-1-144
2023.11.22 00:05:40,3797,1585,6678,0-144
2023.11.22 00:06:53,5334,8044,0222,1-144
2023.11.22 00:07:06,3797,-10-10,6678,1-144
2023.11.22 00:07:19,3797,-10-10,6678,1-144
2023.11.22 00:07:32,3797,60-10,6678,1-144
2023.11.22 00:07:45,3797,1585,6678,1-144
2023.11.22 00:08:58,5334,-10-10,6678,1-184
2023.11.22 00:09:10,3797,1585,6678,6-160
2023.11.22 00:09:23,3797,1585,6678,6-160
2023.11.22 00:09:36,3797,1585,6678,6-160
2023.11.22 00:09:49,3797,1585,6678,-1-144
2023.11.22 00:11:02,-1334,-10-10,6678,8044
2023.11.22 00:11:15,3797,1585,6678,-1-144
2023.11.22 00:11:28,3797,1585,6678,-1-144
2023.11.22 00:11:41,3797,1585,6678,-1-144
2023.11.22 00:11:53,3797,1585,6678,0-144
2023.11.22 00:13:06,3797,-10-10,6678,1-144
2023.11.22 00:13:19,3797,-1-1-10,6678,1-144
2023.11.22 00:13:32,3797,1585,6678,1-144
2023.11.22 00:13:45,3797,1585,6678,1-144
2023.11.22 00:13:58,5334,8044,0222,1-144
2023.11.22 00:15:11,3797,1585,6678,6-160
2023.11.22 00:15:23,3797,1585,6678,6-160
2023.11.22 00:15:36,3797,1585,6678,0-1-14
2023.11.22 00:15:49,3797,1585,6678,0-144
2023.11.22 00:16:02,3797,8044,0222,-1044
2023.11.22 00:17:15,3797,1585,6678,-1044
2023.11.22 00:17:28,3797,1585,6678,-1044
2023.11.22 00:17:41,3797,1585,6678,-1-144
2023.11.22 00:17:54,3797,1585,6678,1-184
2023.11.22 00:18:06,5334,8044,0222,1-144
2023.11.22 00:19:32,8797,1585,6678,-1044
2023.11.22 00:19:45,3797,1585,6678,-1044
2023.11.22 00:19:57,8797,8044,0222,-1-144
2023.11.22 00:20:10,5334,8044,0222,1-144
2023.11.22 00:21:23,5334,1585,6678,1-144
2023.11.22 00:21:36,5334,8044,6678,-1044
2023.11.22 00:21:49,5334,-10-10,6678,-1-144
2023.11.22 00:22:02,5334,-10-10,0222,-1-144
2023.11.22 00:22:15,3797,1585,0222,1-144
2023.11.22 00:23:28,5334,1585,6678,0-144
2023.11.22 00:23:40,5334,1585,6678,1-144
2023.11.22 00:23:53,5334,-1060,0222,-1044
2023.11.22 00:24:06,8797,-10-10,0222,1-184
2023.11.22 00:24:19,3797,1585,0222,1-144
2023.11.22 00:25:32,5334,8044,6678,1-144
2023.11.22 00:25:45,5334,8044,6678,-1-144
2023.11.22 00:25:58,5334,8044,0222,1-144
2023.11.22 00:26:11,3797,-10-10,0222,-1044
2023.11.22 00:26:23,3797,-10-10,0222,-1044
2023.11.22 00:27:36,5334,8044,6678,-1-144
2023.11.22 00:27:49,5334,-10-10,0222,-1-144
2023.11.22 00:28:02,5334,1585,0222,-1-144
2023.11.22 00:28:15,3797,1585,0222,1884
2023.11.22 00:28:28,3797,1585,0222,1-144
2023.11.22 00:29:41,5334,60-10,6060,-1044
2023.11.22 00:29:54,-1-160,-10-10,60-12,-1-144
2023.11.22 00:30:06,6060,-10-10,6678,1-144
2023.11.22 00:30:19,8797,1585,0222,1-144
2023.11.22 00:30:32,3797,1585,0222,-1-144
2023.11.22 00:31:45,5334,8044,6060,8-144
2023.11.22 00:31:58,5334,-10-10,6060,-1-144
2023.11.22 00:32:11,6-160,-10-10,0222,1-144
2023.11.22 00:32:24,-1060,-10-10,0222,1-144
2023.11.22 00:32:36,3797,1585,0222,-1-144
2023.11.22 00:33:50,6-160,-10-10,6678,1-144
2023.11.22 00:34:02,8797,1585,0222,1-144
2023.11.22 00:34:15,3797,1585,6678,1-144
2023.11.22 00:34:28,3797,8044,6678,6-160
2023.11.22 00:34:41,3797,8044,6678,-1-144
2023.11.22 00:35:54,6-160,1585,0222,6-160
2023.11.22 00:36:07,-1-160,1585,0222,6860
2023.11.22 00:36:20,3797,8044,6678,-1-144
2023.11.22 00:36:32,3797,8044,6678,-1-144
2023.11.22 00:36:45,3797,8044,6610,-1-144
2023.11.22 00:37:58,5334,1585,0222,1-144
2023.11.22 00:38:11,-1860,1585,6678,6-160
2023.11.22 00:38:24,6-162,1585,6678,6-160
2023.11.22 00:38:37,3797,8044,6678,1-184
2023.11.22 00:38:49,5334,-10-10,6678,1-144
2023.11.22 00:40:02,3797,1585,0222,1-144
2023.11.22 00:40:15,3797,1585,6678,1-144
2023.11.22 00:40:28,3797,1585,6678,6-160
2023.11.22 00:40:41,3797,1585,6678,-1-144
2023.11.22 00:40:54,5334,-10-10,6678,1-144
2023.11.22 00:42:07,6-160,1585,0222,6-160
2023.11.22 00:42:19,8797,8044,6678,-1-144
2023.11.22 00:42:32,3797,8044,6678,-1-144
2023.11.22 00:42:45,3797,8044,6678,-1044
2023.11.22 00:42:58,5334,6060,6060,-1-144
2023.11.22 00:44:11,-1-162,1585,6678,6-160
2023.11.22 00:44:24,6060,1585,6678,6-160
2023.11.22 00:44:36,3797,8044,6678,1-144
2023.11.22 00:44:49,5334,-1-1-10,6678,1-144
2023.11.22 00:45:02,5334,1585,6678,1-144
2023.11.22 00:46:15,3797,1585,6678,-1-144
2023.11.22 00:46:28,3797,1585,6678,-1-144
2023.11.22 00:46:41,3797,1585,6678,-1044
2023.11.22 00:46:54,5334,-1-1-10,6678,1-144
2023.11.22 00:47:06,5334,-1060,6060,-1-144
2023.11.22 00:48:20,3797,1585,6062,1844
2023.11.22 00:48:32,3797,1585,0222,1-144
2023.11.22 00:48:45,3797,1585,0222,-1044
2023.11.22 00:48:58,3797,1585,6678,1-144
2023.11.22 00:49:11,5334,15-15,6678,-1044
2023.11.22 00:50:24,-1-160,8044,6678,1-144
2023.11.22 00:50:37,8797,8044,6678,-1-144
2023.11.22 00:50:50,3797,-10-10,6678,-1-144
2023.11.22 00:51:03,5334,8044,6678,-1044
2023.11.22 00:51:15,-1-160,8044,6678,1-144
2023.11.22 00:52:28,3797,1585,0222,1-144
2023.11.22 00:52:41,3797,1585,0222,-1-144
2023.11.22 00:52:54,3797,1585,0222,1-144
2023.11.22 00:53:07,5334,1585,6678,8-144
2023.11.22 00:53:20,5334,8044,6678,-1-144
2023.11.22 00:54:33,3797,-10-10,6678,1-144
2023.11.22 00:54:45,3797,1585,6678,1-144
2023.11.22 00:54:58,3797,8044,6678,-1044
2023.11.22 00:55:11,5334,8044,6678,-1-144
2023.11.22 00:55:24,5334,8044,0222,1-144
2023.11.22 00:56:37,3797,-10-10,0222,-1-144
2023.11.22 00:56:50,3797,60-10,6678,8-144
2023.11.22 00:57:03,5334,8044,6678,1-144
2023.11.22 00:57:15,5334,8044,0222,1-144
2023.11.22 00:57:28,5334,8044,6678,-1-144
2023.11.22 00:58:41,3797,1585,6060,-1-144
2023.11.22 00:58:54,3797,1585,6060,1-144
2023.11.22 00:59:07,5334,1585,6060,-1-144
2023.11.22 00:59:20,5334,8044,6678,0-144
2023.11.22 00:59:32,5334,8044,6678,-1-144
2023.11.22 01:00:45,3797,1585,0222,1-144
2023.11.22 01:00:58,3797,8044,0222,8-144
2023.11.22 01:01:11,5334,8044,0222,-1-144
2023.11.22 01:01:24,-1334,8044,0222,1-184
2023.11.22 01:01:37,6-1-10,8044,6678,1-144
2023.11.22 01:02:50,3797,1585,6060,8-144
2023.11.22 01:03:03,5334,8044,0222,1-144
2023.11.22 01:03:16,5334,8044,0222,1-144
2023.11.22 01:03:28,5334,8044,0222,-1-144
2023.11.22 01:03:41,5334,8044,6678,1-144
2023.11.22 01:04:54,5334,8044,0222,1-144
2023.11.22 01:05:07,5334,60-10,6678,-1044
2023.11.22 01:05:20,3797,6060,6678,-1-144
2023.11.22 01:05:33,3797,6060,6060,1-144
2023.11.22 01:05:46,3797,1585,0222,1-144
2023.11.22 01:06:59,5334,8044,0222,-1-144
2023.11.22 01:07:11,5334,8044,0222,1-144
2023.11.22 01:07:24,3797,6060,6678,1-144
2023.11.22 01:07:37,3797,6060,6060,-1-144
2023.11.22 01:07:50,3797,-1-1-10,6060,-1044
2023.11.22 01:09:03,5334,-1060,6678,1-144
2023.11.22 01:09:16,5334,60-10,6678,1-144
2023.11.22 01:09:29,3797,1585,6678,1-184
2023.11.22 01:09:42,3797,1585,6060,-1044
2023.11.22 01:09:54,3797,1585,60-10,-1-144
2023.11.22 01:11:07,5334,60-10,6678,-1-144
2023.11.22 01:11:20,3797,60-10,6678,-1-144
2023.11.22 01:11:33,3797,1585,6060,-1-144
2023.11.22 01:11:46,3797,1585,0222,1-144
2023.11.22 01:11:59,3797,8044,0222,1-144
2023.11.22 01:13:12,5334,8044,0222,1-144
2023.11.22 01:13:24,3797,6060,6678,1-144
2023.11.22 01:13:37,3797,6060,6060,1-144
2023.11.22 01:13:50,3797,8044,6062,1-144
2023.11.22 01:14:03,3797,8044,0222,6860
2023.11.22 01:15:16,5334,1585,6678,6860
2023.11.22 01:15:29,3797,1585,6678,-1-144
2023.11.22 01:15:41,3797,1585,6060,-1-144
2023.11.22 01:15:54,3797,1585,6060,8-144
2023.11.22 01:16:07,3797,8044,6062,-1-144
2023.11.22 01:17:20,3797,6060,6678,-1-144
2023.11.22 01:17:33,3797,1585,6060,1-144
2023.11.22 01:17:46,3797,1585,0222,1-144
2023.11.22 01:17:59,3797,8044,0222,-1-144
2023.11.22 01:18:11,3797,8044,0222,1-144
2023.11.22 01:19:24,8797,1585,6678,0-144
2023.11.22 01:19:37,3797,1585,6060,1-144
2023.11.22 01:19:50,3797,8044,6000,1-144
2023.11.22 01:20:03,3797,8044,0222,8-144
2023.11.22 01:20:16,3797,8044,0222,8044
2023.11.22 01:21:29,3797,1585,6678,0-144
2023.11.22 01:21:41,3797,1585,6060,1-144
2023.11.22 01:21:54,3797,1585,6060,-1-144
2023.11.22 01:22:07,3797,8044,6060,-1-144
2023.11.22 01:22:20,5334,8044,0222,1-144
2023.11.22 01:23:33,3797,1585,6060,1-144
2023.11.22 01:23:46,3797,1585,0222,-1-144
2023.11.22 01:23:59,3797,8044,0222,1-144
2023.11.22 01:24:11,3797,8044,0222,1-144
2023.11.22 01:24:24,3797,8044,0222,-1-144
2023.11.22 01:25:37,3797,1585,0222,1-144
2023.11.22 01:25:50,3797,1585,0222,1-144
2023.11.22 01:26:03,3797,1585,0222,1-184
2023.11.22 01:26:16,5334,8044,6060,-1-144
2023.11.22 01:26:28,6-1-11,60-10,6060,-1-144
2023.11.22 01:27:41,3797,1585,0222,1-144
2023.11.22 01:27:54,3797,1585,0222,1-144
2023.11.22 01:28:07,5334,8044,6678,-1044
2023.11.22 01:28:20,5334,8044,6678,-1-144
2023.11.22 01:28:33,5334,8044,60-10,8-144
2023.11.22 01:29:46,3797,1585,0222,1-144
2023.11.22 01:29:58,3797,1585,6678,1-144
2023.11.22 01:30:11,5334,8044,6678,-1-144
2023.11.22 01:30:24,5334,8044,6678,-1-144
2023.11.22 01:30:37,-1334,8044,6678,-1-144
2023.11.22 01:31:50,3797,1585,0222,1-144
2023.11.22 01:32:03,3797,1585,0222,1-144
2023.11.22 01:32:16,-1334,8044,60-10,-1-144
2023.11.22 01:32:28,63-11,-10-10,6062,-1044
2023.11.22 01:32:41,-1060,-1-1-10,6060,-1-144
2023.11.22 01:33:54,3797,1585,0222,1-144
2023.11.22 01:34:07,5334,8044,6678,1-144
2023.11.22 01:34:20,5334,8044,6678,1-144
2023.11.22 01:34:33,5334,8044,6678,1844
2023.11.22 01:34:45,6-160,-10-10,6062,1-144
2023.11.22 01:35:58,3797,1585,6062,-1-144
2023.11.22 01:36:11,5334,8044,0222,1-144
2023.11.22 01:36:24,-1334,8044,0222,1-144
2023.11.22 01:36:37,6-160,8044,0222,1-144
2023.11.22 01:36:50,6062,6060,0222,1-184
2023.11.22 01:38:03,3797,1585,0222,1-144
2023.11.22 01:38:16,5334,8044,0222,1-144
2023.11.22 01:38:29,6862,-10-10,6678,1-144
2023.11.22 01:38:41,6862,-1-1-10,6678,1-144
2023.11.22 01:38:54,6-160,1585,6678,-1-144
2023.11.22 01:40:07,5334,8044,6678,1-144
2023.11.22 01:40:20,-1334,8044,6678,1-184
2023.11.22 01:40:33,-1334,8044,6678,1-144
2023.11.22 01:40:46,6-160,-1-1-10,60-12,1-144
2023.11.22 01:40:58,6-160,-1-1-10,6062,-1-144
2023.11.22 01:42:11,5334,8044,0222,-1-144
2023.11.22 01:42:24,5334,8044,0222,-1-144
2023.11.22 01:42:37,5334,8044,0222,1-144
2023.11.22 01:42:50,5334,8044,0222,-1-144
2023.11.22 01:43:03,6860,60-10,0222,-1-144
2023.11.22 01:44:16,5334,8044,0222,1-144
2023.11.22 01:44:28,6-160,60-10,6678,1-144
2023.11.22 01:44:53,6-160,60-10,6678,-1044
2023.11.22 01:45:06,3797,1585,6678,1-144
2023.11.22 01:46:20,5334,8044,6678,-1-144
2023.11.22 01:46:32,5334,8044,6678,-1-144
2023.11.22 01:46:45,5334,-10-10,60-10,1-144
2023.11.22 01:46:58,6060,60-10,6060,1-144
2023.11.22 01:47:11,3797,1585,6060,1-144
2023.11.22 01:48:24,-1334,8044,0222,8-144
2023.11.22 01:48:37,5334,8044,0222,1844
2023.11.22 01:48:50,5334,8044,0222,-1-144
2023.11.22 01:49:03,6-160,60-10,6678,-1-144
2023.11.22 01:49:15,3797,1585,6060,-1-144
2023.11.22 01:50:28,6-160,60-10,0222,-1-144
2023.11.22 01:50:41,6060,60-10,0222,1-144
2023.11.22 01:50:54,6-160,1585,0222,1-144
2023.11.22 01:51:07,3797,1585,6678,-1-144
2023.11.22 01:51:20,5334,1585,6678,-1044
2023.11.22 01:52:33,5334,8044,0222,1844
2023.11.22 01:52:45,6-160,60-10,0222,0-144
2023.11.22 01:52:58,6-160,6060,6678,1-144
2023.11.22 01:53:11,3797,8044,6678,1-144
2023.11.22 01:53:24,5334,8044,6678,-1-144
2023.11.22 01:54:37,5334,8044,0222,-1-144
2023.11.22 01:54:50,5334,8044,0222,1-144
2023.11.22 01:55:02,6-160,6060,0222,-1-144
2023.11.22 01:55:15,3797,1585,6060,-1-144
2023.11.22 01:55:28,3797,8044,60-10,1-144
2023.11.22 01:56:41,6-160,6060,0222,-1044
2023.11.22 01:56:54,6860,1585,0222,-1-144
2023.11.22 01:57:07,3797,1585,6678,1-144
2023.11.22 01:57:20,3797,1585,6678,1-144
2023.11.22 01:57:32,3797,1585,6060,8-144
2023.11.22 01:58:45,6-160,6060,0222,1-144
2023.11.22 01:58:58,6860,60-10,6678,1-144
2023.11.22 01:59:11,3797,8044,6678,8-144
2023.11.22 01:59:24,5334,8044,6678,1-144
2023.11.22 01:59:37,5334,8044,6678,-1-144
2023.11.22 02:00:50,5334,8044,0222,1-144
2023.11.22 02:01:02,6-160,6060,0222,1-144
2023.11.22 02:01:15,3797,1585,6060,-1044
2023.11.22 02:01:28,3797,8044,6060,8-144
2023.11.22 02:01:41,5334,8044,6060,1-144
2023.11.22 02:02:54,6-160,1585,0222,-1-144
2023.11.22 02:03:07,3797,1585,6678,-1044
2023.11.22 02:03:20,3797,1585,6678,1-144
2023.11.22 02:03:32,3797,1585,6060,1-144
2023.11.22 02:03:45,3797,8044,6060,-1-144
2023.11.22 02:04:58,60-10,60-10,6678,1-144
2023.11.22 02:05:11,3797,8044,6678,-1-144
2023.11.22 02:05:24,5334,8044,6678,-1-144
2023.11.22 02:05:37,5334,8044,6678,1-144
2023.11.22 02:05:49,5334,8044,6060,1-144
2023.11.22 02:07:03,3797,6060,0222,8-144
2023.11.22 02:07:15,3797,1585,6060,1-144
2023.11.22 02:07:28,3797,8044,6060,1-144
2023.11.22 02:07:41,5334,8044,6222,-1044
2023.11.22 02:07:54,5334,8044,0222,-1-144
2023.11.22 02:09:07,3797,1585,0222,1-144
2023.11.22 02:09:20,3797,1585,0222,6860
2023.11.22 02:09:33,5334,8044,0222,6-160
2023.11.22 02:09:45,5334,8044,6678,0-144
2023.11.22 02:09:58,6-160,1585,6060,-1-144
2023.11.22 02:11:11,3797,1585,0222,1-144
2023.11.22 02:11:24,3797,1585,0222,1-144
2023.11.22 02:11:37,3797,8044,0222,6-160
2023.11.22 02:11:50,5334,8044,0222,6-160
2023.11.22 02:12:03,6-160,-1-1-10,6060,1-184
2023.11.22 02:13:16,5334,8044,0222,1-184
2023.11.22 02:13:29,5334,8044,6678,1-144
2023.11.22 02:13:42,5334,8044,6678,6-160
2023.11.22 02:13:54,5334,8044,6678,6860
2023.11.22 02:14:07,6-162,60-10,6032,-1-144
2023.11.22 02:15:20,3797,8044,0222,6-160
2023.11.22 02:15:33,5334,8044,0222,6-160
2023.11.22 02:15:58,6-160,1585,6062,-1-144
2023.11.22 02:16:11,8797,1585,6062,-1-144
2023.11.22 02:17:24,3797,1585,0222,1-144
2023.11.22 02:17:37,3797,8044,0222,6-160
2023.11.22 02:17:50,5334,8044,0222,6-160
2023.11.22 02:18:03,6-160,-1-1-10,6060,1-144
2023.11.22 02:18:15,3797,1585,6060,1-144
2023.11.22 02:19:28,-1334,-10-10,6678,6-160
2023.11.22 02:19:41,5334,-10-10,6678,6-160
2023.11.22 02:19:54,-1334,1585,6678,0-144
2023.11.22 02:20:07,6-160,1585,6678,8-144
2023.11.22 02:20:20,-1-160,1585,6062,1-144
2023.11.22 02:21:33,5334,-10-10,0222,6-160
2023.11.22 02:21:45,5334,-1-1-10,6678,-1-144
2023.11.22 02:21:58,-1961,1585,6062,-1-144
2023.11.22 02:22:11,3797,1585,0222,-1-144
2023.11.22 02:22:24,3797,1585,0222,-1-144
2023.11.22 02:23:37,5334,-10-10,0222,6-160
2023.11.22 02:23:50,5334,-10-10,6678,6-160
2023.11.22 02:24:03,6-160,8044,6060,1-144
2023.11.22 02:24:16,3797,8044,6062,1-144
2023.11.22 02:24:29,3797,8044,0222,1-144
2023.11.22 02:25:42,5334,60-10,6678,6-160
2023.11.22 02:25:55,5334,-10-10,6678,8-144
2023.11.22 02:26:08,-1-160,1585,60-10,1-144
2023.11.22 02:26:20,8797,8044,6060,1-144
2023.11.22 02:26:33,3797,8044,0222,1-144
2023.11.22 02:27:46,5334,1585,6678,1-144
2023.11.22 02:27:59,5334,1585,6278,-1-144
2023.11.22 02:28:12,6-160,8044,6678,6-160
2023.11.22 02:28:25,6-160,8044,6060,-1044
2023.11.22 02:28:38,3797,-1-1-10,6060,-1044
2023.11.22 02:29:51,5334,8044,6678,1-144
2023.11.22 02:30:04,5334,8044,6678,1-184
2023.11.22 02:30:17,6-160,8044,6678,1-144
2023.11.22 02:30:29,6060,8044,60-10,-1044
2023.11.22 02:30:42,6-160,-1-1-10,6062,-1-144
2023.11.22 02:31:55,5334,1585,6678,1-144
2023.11.22 02:32:08,6-160,6060,6062,6860
2023.11.22 02:32:21,3797,60-10,60-10,-1044
2023.11.22 02:32:34,8797,-10-10,0222,8044
2023.11.22 02:32:46,8797,1585,0222,8-144
2023.11.22 02:34:00,-1334,1585,6678,1-144
2023.11.22 02:34:13,6-162,8044,6062,-1-144
2023.11.22 02:34:25,3797,-10-10,60-10,8-144
2023.11.22 02:34:38,3797,-1-1-10,0222,0-144
2023.11.22 02:34:51,3797,1585,0222,1-184
2023.11.22 02:36:04,5334,8044,6678,1-144
2023.11.22 02:36:17,3797,8044,6678,1-144
2023.11.22 02:36:30,3797,8044,60-10,-1-144
2023.11.22 02:36:43,3797,-10-10,60-12,-1-144
2023.11.22 02:36:55,3797,-10-10,0222,1-144
2023.11.22 02:38:09,3797,-10-10,60-10,6-160
2023.11.22 02:38:21,3797,60-10,0222,-1-144
2023.11.22 02:38:34,3797,1585,0222,8-144
2023.11.22 02:38:47,3797,1585,0222,-1-144
2023.11.22 02:39:00,3797,1585,0222,-1-144
2023.11.22 02:40:13,6060,-1060,6060,6-160
2023.11.22 02:40:26,3797,-10-10,6062,-1-144
2023.11.22 02:40:39,8797,-18-10,0222,1-144
2023.11.22 02:40:51,3797,1585,0222,1-144
2023.11.22 02:41:04,3797,1585,0222,1-144
2023.11.22 02:42:17,6060,8044,6060,1-144
2023.11.22 02:42:30,6-160,-10-10,6060,-1044
2023.11.22 02:42:43,3797,-1060,0060,-1044
2023.11.22 02:42:56,3797,-10-10,0222,1-144
2023.11.22 02:43:08,5334,8044,6678,1-184
2023.11.22 02:44:21,3797,-1-1-10,0222,8-144
2023.11.22 02:44:34,3797,1585,0222,0-144
2023.11.22 02:44:47,3797,1585,0222,-1044
2023.11.22 02:45:00,3797,1585,0222,-1-144
2023.11.22 02:45:13,5334,1585,6678,1-144
2023.11.22 02:46:26,3797,-10-10,6062,-1-144
2023.11.22 02:46:38,3797,-10-10,0222,-1-144
2023.11.22 02:46:51,3797,1585,0222,1-144
2023.11.22 02:47:04,3797,1585,0222,1-144
2023.11.22 02:47:17,5334,8044,6678,1-144
2023.11.22 02:48:30,6-160,60-10,6060,8-144
2023.11.22 02:48:43,3797,-10-10,60-10,1-144
2023.11.22 02:48:56,3797,-10-10,0222,-1044
2023.11.22 02:49:09,5334,8044,6678,1-144
2023.11.22 02:49:21,5334,8044,6678,1-144
2023.11.22 02:50:34,3797,1585,0222,-1-144
2023.11.22 02:50:47,3797,1585,0222,1-144
2023.11.22 02:51:00,3797,1585,0222,1-144
2023.11.22 02:51:13,5334,1585,6678,-1-144
2023.11.22 02:51:26,5334,8044,6678,-1-144
2023.11.22 02:52:39,3797,-10-10,0222,1-144
2023.11.22 02:52:51,3797,1585,0222,-1044
2023.11.22 02:53:04,3797,1585,0222,-1044
2023.11.22 02:53:17,5334,8044,6678,-1-144
2023.11.22 02:53:30,5334,8044,6678,-1-144
2023.11.22 02:54:43,3797,60-10,6060,8-144
2023.11.22 02:54:56,3797,-1060,0222,1-144
2023.11.22 02:55:08,5334,8044,6678,1-144
2023.11.22 02:55:21,5334,8044,6678,1-144
2023.11.22 02:55:34,5334,8044,6678,1-144
2023.11.22 02:56:47,3797,1585,0222,1-144
2023.11.22 02:57:00,3797,1585,0222,1-144
2023.11.22 02:57:13,5334,1585,6678,-1-144
2023.11.22 02:57:26,5334,8044,6678,0044
2023.11.22 02:57:38,5334,8044,6678,-1-144
2023.11.22 02:58:51,3797,1585,0222,-1-144
2023.11.22 02:59:04,3797,1585,0222,0-144
2023.11.22 02:59:17,5334,8044,6678,8-144
2023.11.22 02:59:30,5334,8044,6678,1-144
2023.11.22 02:59:43,6-160,8044,6678,-1-144
2023.11.22 03:00:56,3797,6060,0222,1-144
2023.11.22 03:01:08,5334,8044,6678,8-144
2023.11.22 03:01:21,5334,8044,6678,-1044
2023.11.22 03:01:34,5334,8044,6678,1-144
2023.11.22 03:01:47,5334,8044,6678,1-144
2023.11.22 03:03:00,3797,1585,0222,0-144
2023.11.22 03:03:13,5334,1585,6678,8044
2023.11.22 03:03:25,5334,8044,6678,1-144
2023.11.22 03:03:38,5334,8044,6678,1-144
2023.11.22 03:03:51,5334,8044,6678,-1-144
2023.11.22 03:05:04,3797,1585,0222,8-144
2023.11.22 03:05:17,5334,8044,6678,-1-144
2023.11.22 03:05:30,5334,8044,6678,-1044
2023.11.22 03:05:55,6-160,8044,6678,8-144
2023.11.22 03:07:08,5334,8044,6678,1-144
2023.11.22 03:07:21,5334,8044,6678,-1-144
2023.11.22 03:07:34,5334,8044,6678,1-144
2023.11.22 03:07:47,5334,8044,6678,1-144
2023.11.22 03:07:59,6-160,8044,6678,-1-144
2023.11.22 03:09:12,5334,1585,6678,1-144
2023.11.22 03:09:25,5334,8044,6678,-1-144
2023.11.22 03:09:38,5334,8044,6678,0-144
2023.11.22 03:09:51,5334,8044,6678,1-144
2023.11.22 03:10:04,5334,8044,6678,1-144
2023.11.22 03:11:17,5334,8044,6678,8-144
2023.11.22 03:11:29,5334,8044,6678,-1-144
2023.11.22 03:11:42,5334,8044,6678,1-144
2023.11.22 03:11:55,6-160,8044,6678,1-144
2023.11.22 03:12:08,3797,8044,0222,8044
2023.11.22 03:13:21,5334,8044,6678,-1-144
2023.11.22 03:13:46,5334,8044,6678,1-144
2023.11.22 03:13:59,5334,8044,6678,-1-144
2023.11.22 03:14:12,3797,1585,0222,1-144
2023.11.22 03:15:25,5334,1585,6678,-1-144
2023.11.22 03:15:37,5334,8044,6678,1-144
2023.11.22 03:15:50,5334,8044,6678,1-144
2023.11.22 03:16:03,5334,8044,6678,-1-144
2023.11.22 03:16:16,3797,1585,0222,8-144
2023.11.22 03:17:29,5334,8044,6678,-1-144
2023.11.22 03:17:42,5334,8044,6678,-1-144
2023.11.22 03:17:55,6-160,8044,6678,1-144
2023.11.22 03:18:07,3797,8044,0222,1-144
2023.11.22 03:18:20,3797,1585,0222,-1-144
2023.11.22 03:19:33,5334,8044,6678,-1-144
2023.11.22 03:19:46,5334,8044,6678,8044
2023.11.22 03:19:59,5334,8044,6678,1-144
2023.11.22 03:20:12,3797,1585,0222,1-144
2023.11.22 03:20:24,3797,1585,0222,-1-144
2023.11.22 03:21:37,5334,8044,6678,1-184
2023.11.22 03:22:02,6-160,8044,6678,1-144
2023.11.22 03:22:15,3797,1585,0222,1-144
2023.11.22 03:22:28,3797,1585,0222,8-144
2023.11.22 03:23:41,5334,8044,6678,1-144
2023.11.22 03:23:54,5334,8044,6678,1-144
2023.11.22 03:24:07,3797,8044,6678,8-144
2023.11.22 03:24:20,3797,-1-163,0222,-1-144
2023.11.22 03:24:33,3797,1585,0222,1-144
2023.11.22 03:25:46,5334,8044,6678,-1-144
2023.11.22 03:25:58,5334,8044,6678,8-144
2023.11.22 03:26:11,3797,1585,0222,1-144
2023.11.22 03:26:24,3797,1585,0222,1-144
2023.11.22 03:26:37,3797,1585,0222,0-144
2023.11.22 03:27:50,5334,8044,6678,1-144
2023.11.22 03:28:03,5334,8044,6678,1-144
2023.11.22 03:28:16,3797,1585,0222,-1-144
2023.11.22 03:28:29,3797,1585,0222,-1-144
2023.11.22 03:28:42,3797,1585,0222,1-144
2023.11.22 03:29:55,6-160,8044,6678,1-144
2023.11.22 03:30:07,3797,8044,0222,-1-144
2023.11.22 03:30:20,3797,1585,0222,-1044
2023.11.22 03:30:33,3797,1585,0222,1-144
2023.11.22 03:30:46,3797,1585,0222,-1-144
2023.11.22 03:31:59,5334,8044,6678,8-144
2023.11.22 03:32:12,3797,1585,0222,1-144
2023.11.22 03:32:25,3797,1585,0222,1-144
2023.11.22 03:32:37,3797,1585,0222,8-144
2023.11.22 03:32:50,3797,1585,6678,-1-144
2023.11.22 03:34:03,5334,8044,6060,1-144
2023.11.22 03:34:28,8797,1585,0222,1884
2023.11.22 03:34:41,3797,1585,0222,-1-144
2023.11.22 03:34:54,5334,1585,0222,-1-144
2023.11.22 03:36:07,5334,8044,6060,1-144
2023.11.22 03:36:20,8797,1585,0222,1-144
2023.11.22 03:36:33,3797,1585,6678,-1044
2023.11.22 03:36:46,5334,1585,0222,1-144
2023.11.22 03:36:58,5334,1585,0222,1-144
2023.11.22 03:38:12,3797,1585,6678,-1-144
2023.11.22 03:38:24,5334,1585,0222,-1-144
2023.11.22 03:38:37,5334,1585,6678,1-144
2023.11.22 03:38:50,3797,1585,6678,1-144
2023.11.22 03:39:03,3797,3585,6678,-1-144
2023.11.22 03:40:16,5334,1585,6678,1-144
2023.11.22 03:40:29,5334,1585,0222,1-144
2023.11.22 03:40:41,3797,1585,6678,8044
2023.11.22 03:40:54,8797,1585,6678,-1-144
2023.11.22 03:41:07,5334,1585,0222,1-144
2023.11.22 03:42:20,8797,1585,0222,-1-144
2023.11.22 03:42:33,3797,1585,6678,-1-144
2023.11.22 03:42:46,5334,1585,6678,1-144
2023.11.22 03:42:59,-1334,1585,0222,1-184
2023.11.22 03:43:12,3797,8044,6678,-1-144
2023.11.22 03:44:25,5334,1585,6678,-1-144
2023.11.22 03:44:38,-1334,1585,0222,1884
2023.11.22 03:44:51,3797,1585,0222,-1-144
2023.11.22 03:45:04,3797,8044,6678,-1-144
2023.11.22 03:45:16,5334,8044,0222,1-184
2023.11.22 03:46:29,8797,1585,0222,1-144
2023.11.22 03:46:42,3797,1585,6678,-1-144
2023.11.22 03:46:55,-1334,1585,6678,-1-144
2023.11.22 03:47:08,5334,3585,0222,1-144
2023.11.22 03:47:21,3797,-10-10,0222,-1-144
2023.11.22 03:48:34,3797,1585,6678,-1-144
2023.11.22 03:48:46,5334,1585,0222,1844
2023.11.22 03:48:59,5334,1585,6678,1-144
2023.11.22 03:49:24,-1334,8044,0222,1884
2023.11.22 03:50:38,3797,1585,0222,-1-144
2023.11.22 03:50:50,5334,60-10,0222,1-184
2023.11.22 03:51:03,5334,6060,0222,1-144
2023.11.22 03:51:16,6-160,1585,6678,6-160
2023.11.22 03:51:29,3797,1585,6678,6860
2023.11.22 03:52:42,6-160,8044,6060,1-144
2023.11.22 03:52:55,5334,8044,6678,1-144
2023.11.22 03:53:07,-1334,-10-10,6678,1-144
2023.11.22 03:53:20,5334,6-1-10,6678,0-168
2023.11.22 03:53:33,5334,1585,6678,6860
2023.11.22 03:54:46,3797,8044,0222,1-144
2023.11.22 03:54:59,8797,8044,6678,1-184
2023.11.22 03:55:12,5334,-10-10,6678,1-144
2023.11.22 03:55:25,5334,-10-10,6678,1-144
2023.11.22 03:55:38,5334,-1-1-10,6678,6-160
2023.11.22 03:56:51,3797,-1-1-10,0222,1-144
2023.11.22 03:57:04,8797,-10-10,6678,6860
2023.11.22 03:57:16,-1334,1585,6678,6-160
2023.11.22 03:57:29,-1334,1585,6062,6-162
2023.11.22 03:57:42,-1334,1585,6062,-1044
2023.11.22 03:58:55,3797,-10-10,6678,1-144
2023.11.22 03:59:08,-1334,-10-10,6678,1-144
2023.11.22 03:59:21,5334,-10-10,6678,6-160
2023.11.22 03:59:34,5334,1585,6678,6-160
2023.11.22 03:59:46,5334,8044,60-12,1-144
2023.11.22 04:01:00,3797,8044,6678,1-144
2023.11.22 04:01:12,5334,-10-10,6678,1-144
2023.11.22 04:01:25,5334,-1-1-10,6678,1-184
2023.11.22 04:01:38,5334,8044,6678,1-144
2023.11.22 04:01:51,5334,8044,6678,-1-144
2023.11.22 04:03:04,8797,1585,6678,1-184
2023.11.22 04:03:17,5334,1585,6678,1-144
2023.11.22 04:03:30,5334,1585,6060,-1-144
2023.11.22 04:03:42,6-160,1585,6060,8-144
2023.11.22 04:03:55,6-160,8044,0222,-1-144
2023.11.22 04:05:09,5334,-10-10,6678,-1-144
2023.11.22 04:05:21,5334,1585,6678,-1044
2023.11.22 04:05:34,5334,1585,6062,1-144
2023.11.22 04:05:47,5334,8044,6060,1-144
2023.11.22 04:06:00,6-160,8044,0222,1-144
2023.11.22 04:07:13,6-160,6-1-10,6678,-1-144
2023.11.22 04:07:26,3797,-10-10,6678,1-144
2023.11.22 04:07:39,3797,8044,6678,-1-144
2023.11.22 04:07:51,3797,8044,6060,-1-144
2023.11.22 04:08:04,3797,8044,0222,-1-144
2023.11.22 04:09:17,6-160,1585,6060,1-144
2023.11.22 04:09:30,6-160,1585,6060,-1044
2023.11.22 04:09:43,3797,1585,6060,0044
2023.11.22 04:09:56,3797,8044,0222,-1-144
2023.11.22 04:10:08,5334,8044,0222,1-144
2023.11.22 04:11:21,3797,1585,6678,-1-144
2023.11.22 04:11:34,3797,1585,6060,1-144
2023.11.22 04:11:47,3797,8044,6060,1-144
2023.11.22 04:12:00,3797,8044,0222,1-144
2023.11.22 04:12:13,5334,8044,6678,1-144
2023.11.22 04:13:26,3797,1585,6678,1-144
2023.11.22 04:13:39,3797,8044,6678,-1-144
2023.11.22 04:13:52,3797,8044,6060,8-144
2023.11.22 04:14:04,3797,8044,0222,8-144
2023.11.22 04:14:17,3797,1585,6272,-1-144
2023.11.22 04:15:30,3797,1585,6060,-1044
2023.11.22 04:15:43,3797,1585,60-10,-1-144
2023.11.22 04:15:56,3797,1585,0222,-1-144
2023.11.22 04:16:09,3797,1585,0222,1-144
2023.11.22 04:16:21,5334,8044,0222,1-144
2023.11.22 04:17:34,3797,1585,6060,1-184
2023.11.22 04:17:47,3797,1585,60-10,-1-144
2023.11.22 04:18:00,3797,1585,0222,1-144
2023.11.22 04:18:13,3797,1585,6678,-1-144
2023.11.22 04:18:26,3797,1585,6678,1-144
2023.11.22 04:19:39,3797,8044,6678,-1-144
2023.11.22 04:19:51,3797,8044,60-10,1-144
2023.11.22 04:20:04,3797,8044,0222,1-144
2023.11.22 04:20:17,3797,8044,6678,-1-144
2023.11.22 04:20:30,5334,1585,6678,8-144
2023.11.22 04:21:43,3797,8044,6060,1-144
2023.11.22 04:21:56,5334,8044,0222,8-144
2023.11.22 04:22:09,5334,8044,0222,8-144
2023.11.22 04:22:21,5334,8044,0222,1844
2023.11.22 04:22:34,3797,1585,6678,1-144
2023.11.22 04:23:47,5334,8044,6060,8-144
2023.11.22 04:24:00,5334,8044,0222,8044
2023.11.22 04:24:13,5334,8044,6678,1-144
2023.11.22 04:24:26,5334,8044,6678,8-144
2023.11.22 04:24:38,3797,1585,6678,-1044
2023.11.22 04:25:51,5334,8044,6060,1-144
2023.11.22 08:30:03,3802,1609,6678,8-144
2023.11.22 08:30:16,5334,8044,6678,8-144
2023.11.22 08:30:29,3802,8044,6060,-1044
2023.11.22 08:30:42,5334,8044,0222,8044
2023.11.22 08:30:55,3802,1609,0222,1-145
2023.11.22 08:32:08,5334,8044,0222,6860
2023.11.22 08:32:20,3802,1609,6678,8-144
2023.11.22 08:32:33,5334,8044,6060,1-145
2023.11.22 08:32:46,3803,1609,0222,1-145
2023.11.22 08:32:59,3803,8044,0222,1-145
2023.11.22 08:34:12,3803,8044,6678,6-160
2023.11.22 08:34:25,3803,8044,6678,6860
2023.11.22 08:34:38,3803,8044,6060,1-145
2023.11.22 08:34:51,5334,1610,6060,1-145
2023.11.22 08:35:03,5334,1610,0222,1-145
2023.11.22 08:36:17,3803,1610,6678,-1-144
2023.11.22 08:36:29,3803,1610,0222,8-144
2023.11.22 08:36:42,3803,1610,0222,-1-144
2023.11.22 08:37:07,5334,8044,0222,1-145
2023.11.22 08:38:21,5334,8044,6678,8-144
2023.11.22 08:38:45,5334,8044,6060,1-145
2023.11.22 08:38:59,5334,8044,0222,1-145
2023.11.22 08:39:11,3803,3611,0222,1-145
2023.11.22 08:40:24,3804,8044,6678,6860
2023.11.22 08:40:37,5334,8044,60-10,-1-144
2023.11.22 08:40:50,3804,3611,00-10,1-145
2023.11.22 08:41:03,3804,3611,6060,1-145
2023.11.22 08:41:16,5334,8044,0222,1-145
2023.11.22 08:42:29,5334,8044,6060,-1-144
2023.11.22 08:42:41,3804,3611,0222,8-144
2023.11.22 08:42:54,3804,8044,0222,-1044
2023.11.22 08:43:07,5334,8044,0222,1-145
2023.11.22 08:43:20,3804,3611,0222,1-145
2023.11.22 08:44:33,3804,3611,6060,1-145
2023.11.22 08:44:46,5334,8044,60-10,1-145
2023.11.22 08:44:58,5334,8044,0222,1-145
2023.11.22 08:45:11,3804,3611,0222,1-145
2023.11.22 08:45:24,3804,3611,0222,1-145
2023.11.22 08:46:37,5334,8044,6638,0-144
2023.11.22 08:46:50,3804,1612,6060,1-145
2023.11.22 08:47:03,3804,1612,60-10,1-145
2023.11.22 08:47:15,5334,8044,0222,1-145
2023.11.22 08:47:28,3804,1612,6678,-1-144
2023.11.22 08:48:41,3804,1612,0222,-1-144
2023.11.22 08:48:54,3804,8044,0222,8-144
2023.11.22 08:49:07,5334,1612,0222,1-145
2023.11.22 08:49:20,3804,8044,0222,1-145
2023.11.22 08:49:32,5334,1612,6678,-1-144
2023.11.22 08:50:46,5334,1612,60-10,1-145
2023.11.22 08:50:58,5334,1612,0222,1-145
2023.11.22 08:51:11,3805,8044,0222,1-145
2023.11.22 08:51:24,5334,8044,0222,1-145
2023.11.22 08:51:37,5334,8044,6678,6860
2023.11.22 08:52:50,5334,8044,6060,1-145
2023.11.22 08:53:03,5334,8044,6060,1-145
2023.11.22 08:53:16,3805,1612,0222,1-145
2023.11.22 08:53:28,5334,8044,6678,-1-144
2023.11.22 08:53:41,3805,3612,6618,8-144
2023.11.22 08:54:55,3805,1612,0222,1-145
2023.11.22 08:55:07,3805,3612,0222,1-145
2023.11.22 08:55:20,5334,8044,0222,1-145
2023.11.22 08:55:33,3805,1613,6678,8-144
2023.11.22 08:55:46,5334,8044,6678,0044
2023.11.22 08:56:59,5334,8044,0222,1-145
2023.11.22 08:57:12,5334,8044,0222,1-145
2023.11.22 08:57:25,5334,8044,0222,1-145
2023.11.22 08:57:38,5334,8044,6678,8-144
2023.11.22 08:57:51,3805,1613,6678,8-144
2023.11.22 08:59:04,5334,1613,0222,1-145
2023.11.22 08:59:17,3805,1613,0222,1-145
2023.11.22 08:59:30,3806,1613,6678,8-144
2023.11.22 08:59:42,3806,1613,6678,-1-144
2023.11.22 08:59:55,5334,8044,6678,8-144
2023.11.22 09:01:08,3806,3614,6678,1-145
2023.11.22 09:01:21,5334,8044,0222,1-145
2023.11.22 09:01:34,3806,8044,6678,-1-144
2023.11.22 09:01:47,5334,8044,0222,-1-144
2023.11.22 09:02:00,3806,3614,0222,8-144
2023.11.22 09:03:13,5334,8044,0222,1-145
2023.11.22 09:03:26,5334,8044,6678,8-144
2023.11.22 09:03:38,5334,8044,0223,-1044
2023.11.22 09:03:51,3806,3614,6678,-1-144
2023.11.22 09:04:04,3824,1614,0223,-1-144
2023.11.22 09:05:17,3806,8044,6678,1-145
2023.11.22 09:05:30,3806,8044,6678,-1-144
2023.11.22 09:05:43,3806,8044,0223,0-144
2023.11.22 09:05:56,-1334,3614,0223,-1-144
2023.11.22 09:06:09,5334,3614,6678,1-145
2023.11.22 09:07:22,3806,1614,6678,1-145
2023.11.22 09:07:35,3806,3614,0224,0-144
2023.11.22 09:07:47,3806,3614,6678,-1-144
2023.11.22 09:08:00,5334,8044,6678,8044
2023.11.22 09:08:13,5334,8044,0224,-1-144
2023.11.22 09:09:26,3806,3614,0224,8-144
2023.11.22 09:09:39,3806,8044,6678,8-144
2023.11.22 09:09:52,5334,8044,6678,8044
2023.11.22 09:10:05,3806,3614,0224,8-144
2023.11.22 09:10:18,3806,3614,6678,8044
2023.11.22 09:11:31,5334,8044,6678,-1-144
2023.11.22 09:11:43,5334,8044,0224,-1-144
2023.11.22 09:11:56,3807,3615,0224,-1-144
2023.11.22 09:12:09,3807,8044,6678,1-145
2023.11.22 09:12:22,5334,8044,6678,1-145
2023.11.22 09:13:35,3807,1615,0225,-1-144
2023.11.22 09:13:48,3807,3615,6678,-1044
2023.11.22 09:14:00,5334,8044,6678,-1044
2023.11.22 09:14:13,5334,8044,0225,-1-144
2023.11.22 09:14:26,5334,8044,0225,6860
2023.11.22 09:15:39,5334,8044,6678,8-144
2023.11.22 09:15:52,5334,8044,0225,-1-144
2023.11.22 09:16:05,3807,1615,0225,8-144
2023.11.22 09:16:18,3807,1615,6678,8-144
2023.11.22 09:17:43,5334,8044,0225,8-144
2023.11.22 09:17:56,3807,1616,0225,8-144
2023.11.22 09:18:09,3807,1616,6678,1-145
2023.11.22 09:18:21,5334,8044,6678,1-145
2023.11.22 09:18:34,3807,8044,0225,1-145
2023.11.22 09:19:47,3807,8044,0225,-1044
2023.11.22 09:20:00,5334,1616,0225,8-144
2023.11.22 09:20:13,5334,1616,6678,8-144
2023.11.22 09:20:26,5334,1616,6678,6-160
2023.11.22 09:20:39,5334,1616,0225,6860
2023.11.22 09:21:52,3808,1616,0225,-1-144
2023.11.22 09:22:05,5334,8044,6678,8044
2023.11.22 09:22:17,5334,8044,0225,8-144
2023.11.22 09:22:30,5334,8044,0226,1-145
2023.11.22 09:22:43,5334,8044,6678,6860
2023.11.22 09:23:56,5334,8044,6678,-1-144
2023.11.22 09:24:09,5334,3617,0226,1-145
2023.11.22 09:24:22,3808,3617,0226,1-145
2023.11.22 09:24:34,3808,1617,6678,1-145
2023.11.22 09:24:47,3808,3617,0226,1-145
2023.11.22 09:26:00,3808,1618,0226,8-144
2023.11.22 09:26:13,3808,1618,6678,-1-144
2023.11.22 09:26:26,3809,1619,6678,6860
2023.11.22 09:26:39,3809,1619,0227,6-160
2023.11.22 09:26:51,5334,8044,0227,-1-144
2023.11.22 09:28:05,5334,8044,6678,8-144
2023.11.22 09:28:17,5334,8044,0227,-1-144
2023.11.22 09:28:30,5334,8044,0227,1-145
2023.11.22 09:28:43,5334,8044,6678,6860
2023.11.22 09:28:56,3809,1620,6678,6860
2023.11.22 09:30:09,5334,8-144,0227,1-145
2023.11.22 09:30:22,3810,1620,0227,1-145
2023.11.22 09:30:34,3810,3621,6678,1-145
2023.11.22 09:30:47,3810,3621,0228,1-145
2023.11.22 09:31:00,5334,8044,0228,6-160
2023.11.22 09:32:13,3810,3621,6678,8-144
2023.11.22 09:32:26,3810,1622,6678,6-160
2023.11.22 09:32:39,3810,1622,0228,6860
2023.11.22 09:32:51,5334,8044,0228,-1-144
2023.11.22 09:33:04,5334,1622,6678,0-144
2023.11.22 09:34:17,5334,1622,6678,-1044
2023.11.22 09:34:30,5334,1622,6678,1-145
2023.11.22 09:34:43,5334,1622,0228,6-160
2023.11.22 09:34:56,8811,8044,0228,6-160
2023.11.22 09:35:08,8811,8044,6678,-1-144
2023.11.22 09:36:22,5334,8044,6678,1-145
2023.11.22 09:36:34,5334,8044,0229,1-145
2023.11.22 09:36:47,5334,8044,6678,6860
2023.11.22 09:37:12,8811,1623,0229,6-160
2023.11.22 09:38:26,5334,8044,0229,6-160
2023.11.22 09:38:39,5334,8044,6678,6860
2023.11.22 09:38:51,8811,1623,6678,-1-144
2023.11.22 09:39:04,8811,8044,0229,8-144
2023.11.22 09:39:17,5334,8044,0229,0-144
2023.11.22 09:40:30,8811,1623,6679,1-145
2023.11.22 09:40:43,8811,1623,0229,6-160
2023.11.22 09:40:56,5334,8045,0229,6860
2023.11.22 09:41:08,5334,8045,6679,-1-144
2023.11.22 09:41:21,8811,1623,6679,8044
2023.11.22 09:42:34,5334,8045,6679,1-145
2023.11.22 09:42:47,5334,8045,6679,1-145
2023.11.22 09:43:00,3812,1623,6679,6860
2023.11.22 09:43:13,3812,1623,6060,6-160
2023.11.22 09:43:25,3812,1623,0229,1-145
2023.11.22 09:44:39,5334,8045,6679,6860
2023.11.22 09:44:51,3812,1623,6679,0044
2023.11.22 09:45:04,3812,8045,6679,-1-144
2023.11.22 09:45:17,5334,8045,6679,-1-144
2023.11.22 09:45:30,5334,8045,0229,-1-144
2023.11.22 09:46:43,3812,1623,6679,6-160
2023.11.22 09:47:08,5334,8045,6060,6860
2023.11.22 09:47:21,3812,1623,0229,-1-144
2023.11.22 09:47:34,5334,8045,0229,1-145
2023.11.22 09:48:47,5334,8045,6679,1-145
2023.11.22 09:49:00,3812,1623,0229,6860
2023.11.22 09:49:12,3812,8045,0229,6860
2023.11.22 09:49:25,3812,8045,0229,6860
2023.11.22 09:49:38,3812,8045,0229,1-145
2023.11.22 09:50:51,3812,8045,6679,6860
2023.11.22 09:51:04,3812,1623,6679,-1-144
2023.11.22 09:51:17,3812,1623,6679,-1-144
2023.11.22 09:51:29,3812,1624,0229,8044
2023.11.22 09:51:42,3812,1624,0229,1-144
2023.11.22 09:52:55,3812,60-10,0229,6860
2023.11.22 09:53:08,3812,1624,0229,6860
2023.11.22 09:53:21,5334,1624,0229,8044
2023.11.22 09:53:34,3813,1624,60-10,1-145
2023.11.22 09:53:47,5334,1624,60-10,1-145
2023.11.22 09:55:00,5334,8045,0229,6860
2023.11.22 09:55:12,5334,1624,0229,6860
2023.11.22 09:55:25,5334,1624,6679,6-160
2023.11.22 09:55:38,5334,1624,6679,1-145
2023.11.22 09:55:51,3813,1624,6060,1-14-1
2023.11.22 09:57:04,5334,1624,0229,8-144
2023.11.22 09:57:17,3813,1624,6679,-1044
2023.11.22 09:57:29,3813,1624,6679,-1-144
2023.11.22 09:57:42,3813,1624,6679,1-145
2023.11.22 09:57:55,5334,8045,6060,1-145
2023.11.22 09:59:08,3813,1624,0229,-1044
2023.11.22 09:59:21,-1334,1624,6060,-1-144
2023.11.22 09:59:34,3813,1624,60-10,1-145
2023.11.22 09:59:47,-1334,1624,0229,1-14-1
2023.11.22 10:00:00,3813,6060,0229,1-145
2023.11.22 10:01:13,5334,1624,0229,8-144
2023.11.22 10:01:26,5334,1624,0229,8-144
2023.11.22 10:01:39,5334,8045,6679,8-144
2023.11.22 10:01:51,3813,8045,6679,1-145
2023.11.22 10:02:04,3813,8045,6679,1-145
2023.11.22 10:03:17,3814,1624,6679,-1-144
2023.11.22 10:03:30,3814,1624,0229,8-144
2023.11.22 10:03:43,8814,8045,6679,1-145
2023.11.22 10:03:56,5334,8045,6679,1-145
2023.11.22 10:04:08,5334,8045,6679,8-144
2023.11.22 10:05:22,5334,1624,6679,-1044
2023.11.22 10:05:34,5334,60-10,0230,-1-144
2023.11.22 10:05:47,5334,3624,6679,-1-144
2023.11.22 10:06:00,8814,8045,6679,8-144
2023.11.22 10:06:13,8814,8045,0230,1-145
2023.11.22 10:07:38,8815,3624,6679,1-185
2023.11.22 10:07:51,5334,1624,6679,1-145
2023.11.22 10:08:04,-1334,1624,0231,1-145
2023.11.22 10:08:17,3815,1624,0231,1-145
2023.11.22 10:09:30,5334,-10-10,6679,6-160
2023.11.22 10:09:43,5334,3624,0232,6860
2023.11.22 10:09:55,3816,8045,0232,-1-144
2023.11.22 10:10:20,-1334,8045,6679,8-144
2023.11.22 10:11:34,5334,6051,0232,-1-144
2023.11.22 10:11:47,3816,1624,0232,-1044
2023.11.22 10:11:59,5334,1624,6679,-1044
2023.11.22 10:12:12,5334,8045,0232,0-144
2023.11.22 10:12:25,5334,8045,0232,1-145
2023.11.22 10:13:38,3816,1624,6679,1-145
2023.11.22 10:13:51,5334,1624,6679,1-145
2023.11.22 10:14:04,5334,1624,0232,1-145
2023.11.22 10:14:17,3816,8045,0232,1-145
2023.11.22 10:15:42,5334,1624,0232,6860
2023.11.22 10:15:55,3816,8045,0232,0044
2023.11.22 10:16:08,3816,8045,6679,8-144
2023.11.22 10:16:21,5334,8045,6679,8044
2023.11.22 10:16:34,3816,8045,0232,-1-144
2023.11.22 10:17:47,3816,1624,0232,8044
2023.11.22 10:18:00,5334,8-145,6679,-1044
2023.11.22 10:18:13,5334,8045,0232,1-145
2023.11.22 10:18:25,5334,8045,0232,1-185
2023.11.22 10:18:38,5334,1624,6679,184-1
2023.11.22 10:19:52,5334,8045,0232,-1-144
2023.11.22 10:20:04,8816,8045,6679,8-144
2023.11.22 10:20:29,3816,-10-10,0232,8-144
2023.11.22 10:20:42,3816,1624,6679,1-145
2023.11.22 10:21:56,5334,8045,6679,8044
2023.11.22 10:22:08,5334,8045,0232,0-144
2023.11.22 10:22:21,3816,8045,0232,8-144
2023.11.22 10:22:34,5334,6060,6679,8-144
2023.11.22 10:22:47,3816,1624,6679,8044
2023.11.22 10:24:00,3816,6062,0232,8-144
2023.11.22 10:24:13,3816,6060,6679,8-144
2023.11.22 10:24:25,3816,60-10,6679,-1-144
2023.11.22 10:24:38,3816,1624,0232,8-144
2023.11.22 10:24:51,5334,1624,0232,1-145
2023.11.22 10:26:04,5334,8045,6679,8-144
2023.11.22 10:26:17,5334,60-10,0232,-1-144
2023.11.22 10:26:30,5334,6060,0232,8-144
2023.11.22 10:26:55,3816,8045,6679,1-145
2023.11.22 10:28:08,5334,8045,0232,8-144
2023.11.22 10:28:21,3816,8045,0232,8-144
2023.11.22 10:28:34,5334,6060,6679,-1-144
2023.11.22 10:28:47,3817,1624,6679,8-144
2023.11.22 10:28:59,5334,1624,0232,6860
2023.11.22 10:30:13,3817,6060,6679,-1-144
2023.11.22 10:30:25,3817,60-10,6679,8-144
2023.11.22 10:30:38,3817,1624,0233,8044
2023.11.22 16:42:32,3837,1643,0258,1-145
2023.11.22 16:42:45,5335,1643,0258,1-145
2023.11.22 16:42:58,5335,1643,0258,1-145
2023.11.22 16:43:11,3837,8045,0258,1-145
2023.11.22 16:43:24,3837,8045,0258,1-145
2023.11.22 16:45:49,3837,8045,6679,1-185
2023.11.22 16:46:02,5335,8045,6679,6860
2023.11.22 16:46:15,3837,8045,6679,6860
2023.11.22 16:46:27,5335,8045,0258,1-145
2023.11.22 16:48:41,3837,1643,6679,-1044
2023.11.22 16:48:53,3837,1643,6679,8-144
2023.11.22 16:49:06,5335,8045,0258,1-145
2023.11.22 16:49:19,5335,8045,0258,1-14-1
2023.11.22 16:49:32,5335,8045,0258,1-145
2023.11.22 16:51:45,5335,8045,6279,1-145
2023.11.22 16:51:58,5335,8045,6679,1-145
2023.11.22 16:52:11,3838,8045,6679,1-145
2023.11.22 16:52:23,3838,8045,6679,6860
2023.11.22 16:52:36,3838,6060,6679,6860
2023.11.22 16:54:50,5335,6060,6679,8-144
2023.11.22 16:55:02,5335,1643,6060,8-144
2023.11.22 16:55:15,3838,1643,6060,-1-144
2023.11.22 16:55:28,5335,1643,6060,8-144
2023.11.22 16:55:41,3839,8045,0258,1-145
2023.11.22 16:57:54,3839,1643,0258,8-144
2023.11.22 16:58:07,5335,1643,0258,1-145
2023.11.22 16:58:19,3839,8045,0258,1-145
2023.11.22 16:58:32,5335,8045,0258,1-145
2023.11.22 16:58:45,3839,1643,0258,8-144
2023.11.22 17:00:58,3839,8045,6679,1-145
2023.11.22 17:01:11,5335,8045,6679,1-145
2023.11.22 17:01:24,5335,8045,6679,6860
2023.11.22 17:01:36,5335,6-160,6679,6-160
2023.11.22 17:01:49,3839,1643,6679,1-145
2023.11.22 17:04:14,5335,1643,0258,8-144
2023.11.22 17:04:28,3840,1643,6679,8-144
2023.11.22 17:04:40,5335,8045,6679,8-144
2023.11.22 17:04:53,5335,8045,6679,-1-144
2023.11.22 17:07:06,5335,8045,6060,6860
2023.11.22 17:07:19,5335,6860,6060,6860
2023.11.22 17:07:32,5335,6-160,6060,6860
2023.11.22 17:07:45,3840,1643,6679,1-145
2023.11.22 17:07:58,3840,8045,6679,1-145
2023.11.22 17:10:11,5335,1643,0258,8-144
2023.11.22 17:10:24,5335,1643,0258,8044
2023.11.22 17:10:36,5335,1643,0258,-1044
2023.11.22 17:10:49,5335,8045,6060,1845
2023.11.22 17:11:02,3840,6-160,60-10,6860
2023.11.22 17:13:15,5335,8045,6679,1-145
2023.11.22 17:13:28,3841,8045,6679,1-145
2023.11.22 17:13:41,5335,1643,0258,6860
2023.11.22 17:13:53,5335,1643,0258,6860
2023.11.22 17:14:06,3841,1643,0258,6860
2023.11.22 17:16:19,5335,6060,6060,1-145
2023.11.22 17:16:32,3841,6-160,0258,1-145
2023.11.22 17:16:45,5335,8045,6679,0-144
2023.11.22 17:16:58,5335,8045,6679,8-144
2023.11.22 17:17:10,3841,8045,6679,8-144
2023.11.22 17:19:24,3841,8045,6679,-1-144
2023.11.22 17:19:36,3842,8045,6679,1-145
2023.11.22 17:19:49,3842,8045,6679,1-145
2023.11.22 17:20:02,5335,6-160,6679,1-145
2023.11.22 17:20:15,3842,6060,6060,1-145
2023.11.22 17:22:28,3842,8045,6060,1-145
2023.11.22 17:22:41,5335,1643,0258,1-145
2023.11.22 17:22:53,5335,1643,0258,6860
2023.11.22 17:23:06,3842,1643,0258,6860
2023.11.22 17:23:19,3842,1643,0258,6860
2023.11.22 17:25:32,3843,6060,0258,1-145
2023.11.22 17:25:45,5335,8-145,0258,1-145
2023.11.22 17:25:58,5335,8045,6679,6860
2023.11.22 17:26:10,3843,8045,6679,0044
2023.11.22 17:26:23,3843,8045,6679,-1-144
2023.11.22 17:28:36,3843,1643,6679,-1-144
2023.11.22 17:28:49,3843,8045,6679,8-144
2023.11.22 17:29:02,5335,6060,6860,1-145
2023.11.22 17:29:15,3843,60-10,6060,1-145
2023.11.22 17:29:28,5335,1643,6060,1-145
2023.11.22 17:31:41,3843,1643,0258,1-145
2023.11.22 17:31:54,3843,1643,0258,1-145
2023.11.22 17:32:07,5335,1643,0258,8044
2023.11.22 17:32:32,5335,1643,0258,-1-144
2023.11.22 17:34:45,3844,3645,0258,8-144
2023.11.22 17:34:58,3844,8045,0258,-1-144
2023.11.22 17:35:10,5335,8045,0258,8-144
2023.11.22 17:35:23,5335,8045,0258,8-144
2023.11.22 17:35:36,5335,8045,0258,8-144
2023.11.22 17:37:49,3844,8045,6619,1-145
2023.11.22 17:38:02,5335,6060,6679,1-14-1
2023.11.22 17:38:15,3844,6060,6679,1-145
2023.11.22 17:38:27,5335,6060,6679,1-145
2023.11.22 17:38:40,3844,1643,0258,1-145
2023.11.22 17:40:53,3845,1643,6679,6860
2023.11.22 17:41:06,5335,1643,6060,6-160
2023.11.22 17:41:19,5335,1643,6000,6860
2023.11.22 17:41:32,5335,1643,6060,-1-144
2023.11.22 17:41:44,3845,8045,6679,6860
2023.11.22 17:43:58,3845,8045,0258,-1-144
2023.11.22 17:44:10,5335,8045,0258,8-144
2023.11.22 17:44:23,5335,8045,0258,8-144
2023.11.22 17:44:36,5335,8045,0258,8-144
2023.11.22 17:44:49,5335,6060,6679,6860
2023.11.22 17:47:02,3846,6060,6679,1-145
2023.11.22 17:47:15,5335,6060,6679,1-145
2023.11.22 17:47:28,3846,1643,6679,6860
2023.11.22 17:47:40,5335,8045,0258,8-144
2023.11.22 17:47:53,5335,6860,0258,8-144
2023.11.22 17:50:06,3846,1643,0258,8-144
2023.11.22 17:50:19,3846,8045,0258,1-145
2023.11.22 17:50:32,3846,8045,0258,1-145
2023.11.22 17:50:45,5335,8045,0258,1-145
2023.11.22 17:50:57,5335,8045,6679,1-145
2023.11.22 17:53:11,5335,8045,6679,1-145
2023.11.22 17:53:23,5335,8045,6679,6860
2023.11.22 17:53:36,5335,6060,6679,6860
2023.11.22 17:53:49,5335,6860,6679,6860
2023.11.22 17:54:02,3847,6060,6679,8-144
2023.11.22 17:56:15,5335,1643,6060,8044
2023.11.22 17:56:28,3847,1643,6060,-1-144
2023.11.22 17:56:40,5335,1643,0258,8-144
2023.11.22 17:56:53,5335,1643,0258,8-144
2023.11.22 17:57:06,3847,1643,0258,1-185
2023.11.22 17:59:19,3848,8045,0258,1-145
2023.11.22 17:59:32,3848,8045,0258,1-145
2023.11.22 17:59:45,5335,8045,0258,6860
2023.11.22 17:59:58,5335,8045,6679,8-144
2023.11.22 18:00:10,3848,8045,6679,1-145
2023.11.22 18:02:24,3848,6051,6679,8-144
2023.11.22 18:02:37,3848,6-160,6679,8-144
2023.11.22 18:02:49,5335,6060,6679,8-144
2023.11.22 18:03:02,5335,1643,6060,1-145
2023.11.22 18:03:15,3848,8045,60-10,1-145
2023.11.22 18:05:28,5335,1643,0258,1-145
2023.11.22 18:05:41,3849,1643,0258,1-145
2023.11.22 18:05:54,3849,1643,0258,0-144
2023.11.22 18:06:06,5335,1643,0258,8-144
2023.11.22 18:06:19,3849,6-160,6679,8-144
2023.11.22 18:08:32,3849,8045,6679,6860
2023.11.22 18:08:45,5335,8045,6679,8-144
2023.11.22 18:08:58,5335,8045,6679,-1044
2023.11.22 18:09:11,3849,8045,6679,-1-144
2023.11.22 18:09:24,3849,1643,6060,8-144
2023.11.22 18:11:37,3849,60-10,6060,8-144
2023.11.22 18:11:50,5335,1643,6060,-1-144
2023.11.22 18:12:03,5335,1643,0258,8044
2023.11.22 18:12:15,3849,8045,6679,6860
2023.11.22 18:12:28,5335,8045,6679,6860
2023.11.22 18:14:41,3850,1643,0258,1-145
2023.11.22 18:14:54,3850,1643,0258,1-145
2023.11.22 18:15:07,5335,8045,0258,8-144
2023.11.22 18:15:20,3850,6060,6060,8-144
2023.11.22 18:15:32,5335,6060,6060,0-144
2023.11.22 18:17:46,3850,8045,6679,6860
2023.11.22 18:17:58,3850,8045,6679,-1-144
2023.11.22 18:18:11,5335,8045,0258,1-145
2023.11.22 18:18:24,5335,1643,0258,1-145
2023.11.22 18:18:37,5335,1643,0258,1-145
2023.11.22 18:20:50,3851,3643,0258,8-144
2023.11.22 18:21:03,3851,1643,6679,8044
2023.11.22 18:21:15,3851,8045,6679,6860
2023.11.22 18:21:28,5335,8045,6679,6860
2023.11.22 18:21:41,3851,8045,6679,6-160
2023.11.22 18:23:54,3851,1643,6679,1-145
2023.11.22 18:24:07,5335,8045,6679,-1-144
2023.11.22 18:24:20,3851,6-160,0258,8-144
2023.11.22 18:24:32,5335,6060,0258,8-144
2023.11.22 18:24:45,3852,1643,0258,8044
2023.11.22 18:26:58,3852,8045,0258,-1-144
2023.11.22 18:27:11,5335,8045,0258,1-145
2023.11.22 18:53:17,5335,60-10,0258,-1-144
2023.11.22 18:53:30,3855,6060,0258,-1-144
2023.11.22 18:53:43,3855,3643,0258,1-145
2023.11.22 18:53:55,3855,3643,0258,1-145
2023.11.22 18:54:08,3855,8045,6679,6860
2023.11.22 18:56:37,3856,1643,6679,1-185
2023.11.22 18:56:50,5335,1643,6679,6860
2023.11.22 18:57:03,5335,1643,6679,6860
2023.11.22 18:57:15,3856,8045,6060,8-144
2023.11.22 18:57:28,5335,6-160,0258,8044
2023.11.22 18:59:41,3857,8045,0258,8-144
2023.11.22 18:59:48,5335,1643,6679,1-145
2023.11.22 18:59:55,5335,8045,0258,8044
2023.11.22 19:00:02,3857,1643,6679,6860
2023.11.22 19:00:09,5335,6060,0258,1-145
2023.11.22 19:00:15,5335,8045,6060,-1-144
2023.11.22 19:00:22,3857,8045,6679,1-145
2023.11.22 19:00:29,3857,1643,0258,8044
2023.11.22 19:00:36,3857,8045,6679,6860
2023.11.22 19:00:42,5335,1643,0258,1-145
2023.11.22 19:00:49,3857,8045,6060,6860
2023.11.22 19:00:56,3857,1643,0258,1-145
2023.11.22 19:01:03,5335,8045,6060,8-144
2023.11.22 19:01:09,5335,1643,6679,1-145
2023.11.22 19:01:16,3857,6060,0258,-1-144
2023.11.22 19:01:23,5335,6060,6679,1-145
2023.11.22 19:01:30,3857,8045,6679,1-145
2023.11.22 19:01:37,5335,1643,0258,8-144
2023.11.22 19:03:44,3857,1643,0258,1-145
2023.11.22 19:03:50,3857,8045,6060,8-144
2023.11.22 19:03:57,5335,1643,6060,1-145
2023.11.22 19:04:04,3857,6-160,6679,8-144
2023.11.22 19:04:11,3857,8045,0258,1-145
2023.11.22 19:04:18,5335,1643,6679,8-144
2023.11.22 19:04:25,3857,1643,0258,6860
2023.11.22 19:04:31,5335,8045,6679,6860
2023.11.22 19:04:38,3857,1643,0258,1-145
2023.11.22 19:04:45,3857,8045,6060,8-144
2023.11.22 19:04:52,5335,1643,6238,1-145
2023.11.22 19:04:59,3857,6060,6060,-1-144
2023.11.22 19:05:06,3857,8045,6679,1-145
2023.11.22 19:05:12,5335,1643,0258,0044
2023.11.22 19:05:19,3857,8045,6679,6860
2023.11.22 19:05:26,5335,1643,0258,6-160
2023.11.22 19:05:33,3858,6060,6679,1-145
2023.11.22 19:05:39,3858,8045,0258,8-144
2023.11.22 19:07:47,3858,6-160,6060,8044
2023.11.22 19:07:53,5335,8045,6679,1-145
2023.11.22 19:08:00,5335,1643,0258,8-144
2023.11.22 19:08:07,3858,8045,6679,6860
2023.11.22 19:08:14,5335,1643,0258,1-145
2023.11.22 19:08:20,5335,8045,6679,8044
2023.11.22 19:08:27,5335,8045,0258,6-160
2023.11.22 19:08:34,3858,1643,6060,1-145
2023.11.22 19:08:41,3858,8045,6679,8-144
2023.11.22 19:08:48,5335,1643,0258,1-145
2023.11.22 19:08:54,5335,8045,6679,-1-144
2023.11.22 19:09:01,3858,1643,0258,1-145
2023.11.22 19:09:08,5335,6-160,6679,8-144
2023.11.22 19:09:15,5335,1643,0258,6860
2023.11.22 19:09:21,3858,6-160,6060,1-145
2023.11.22 19:09:28,3858,6-160,6679,8-144
2023.11.22 19:09:35,3858,8045,6258,1-145
2023.11.22 19:09:42,5335,1643,6679,8-144
2023.11.22 19:11:49,3858,1643,0258,1-145
2023.11.22 19:11:56,3858,6060,6679,8844
2023.11.22 19:12:03,5335,1643,0258,6860
2023.11.22 19:12:09,5335,6060,6060,1-145
2023.11.22 19:12:16,3858,8045,6679,-1-144
2023.11.22 19:12:23,5335,8045,6060,1-145
2023.11.22 19:12:30,3858,1643,6679,8-144
2023.11.22 19:12:36,5335,8045,0258,6860
2023.11.22 19:12:43,3858,1643,6679,1-145
2023.11.22 19:12:50,3858,8045,0258,8044
2023.11.22 19:12:57,5335,1643,6679,1-145
2023.11.22 19:13:03,3858,6-160,0258,8-144
2023.11.22 19:13:10,3858,8045,6060,1-145
2023.11.22 19:13:17,5335,1643,6679,0-144
2023.11.22 19:13:24,5335,1643,6679,1-145
2023.11.22 19:13:31,3859,8045,6679,1-145
2023.11.22 19:13:37,3859,8045,0258,-1-144
2023.11.22 19:13:44,5335,1643,0258,1-145
2023.11.22 19:15:51,5335,6860,6060,8-144
2023.11.22 19:15:58,3859,6060,6679,6-160
2023.11.22 19:16:05,5335,8045,0258,1-145
2023.11.22 19:16:12,3859,6860,6679,8-144
2023.11.22 19:16:18,3859,8045,0258,1-145
2023.11.22 19:16:25,5335,1643,6679,-1-144
2023.11.22 19:16:32,3859,8045,0258,1-145
2023.11.22 19:16:39,3859,1643,6060,8-144
2023.11.22 19:16:46,5335,8045,6060,8-144
2023.11.22 19:16:52,3859,1643,6679,1-145
2023.11.22 19:16:59,5335,1643,0258,8-144
2023.11.22 19:17:06,3859,8045,6679,1-145
2023.11.22 19:17:13,3859,1643,0258,-1-144
2023.11.22 19:17:20,5335,8045,6679,6860
2023.11.22 19:17:26,3859,1643,0258,1-145
2023.11.22 19:17:33,3859,6060,6060,6860
2023.11.22 19:17:40,3859,8045,0258,1-145
2023.11.22 19:19:43,3859,3643,6679,8-144
2023.11.22 19:20:08,5335,1643,6679,1-145
2023.11.22 19:20:33,5335,3643,0258,1-145
2023.11.22 19:21:12,5335,8045,0258,-1-144
2023.11.22 19:21:37,6-160,8045,6679,8-144
2023.11.22 19:24:02,5335,-10-10,0258,6860
2023.11.22 19:24:27,6-160,60-10,0258,1-145
2023.11.22 19:24:52,6-160,3643,6679,1-145
2023.11.22 19:25:17,5335,1643,6060,1-145
2023.11.22 19:25:41,5335,3643,0258,6860
2023.11.22 19:28:06,3859,3643,0258,-1-144
2023.11.22 19:30:08,3859,1643,6679,1-145
2023.11.22 19:32:10,6060,1643,6679,1-145
2023.11.22 19:34:13,3859,8045,0258,-1-144
2023.11.22 19:36:15,3860,8045,6060,1-145
2023.11.22 19:38:17,5335,1643,6679,8-144
2023.11.22 19:40:19,5335,6060,6679,8044
2023.11.22 19:42:22,5335,6-160,6679,-1-144
2023.11.22 19:44:24,5335,8045,6679,1-145
2023.11.22 19:46:26,3862,8045,6679,1-145
2023.11.22 19:48:28,3862,8045,6679,1-145
2023.11.22 19:50:30,5335,8045,0258,8-144
2023.11.22 19:52:33,5335,8045,6679,6860
2023.11.22 19:54:35,5335,8045,6679,6860
2023.11.22 19:56:37,3863,6-160,6060,8-144
2023.11.22 19:58:39,3864,1643,0258,8-144
2023.11.22 20:00:41,5335,6-160,6060,6-160
2023.11.22 20:02:44,5335,8045,6679,1-145
2023.11.22 20:04:46,3865,6060,6679,1845
2023.11.22 20:06:48,3865,6060,0258,1-145
2023.11.22 20:08:50,5335,8045,0258,8-144
2023.11.22 20:10:53,5335,1643,60-10,8-144
2023.11.22 20:12:55,5335,1643,6679,8044
2023.11.22 20:14:57,3866,1643,6679,1-145
2023.11.22 20:16:59,3867,6060,0258,1-145
2023.11.22 20:19:01,5335,1643,0258,-1888
2023.11.22 20:21:03,5335,1643,6679,6860
2023.11.22 20:23:05,3868,6060,0258,8-144
2023.11.22 20:25:08,3868,8045,6679,1-145
2023.11.22 20:27:10,3868,8045,6679,1-145
2023.11.22 20:29:12,5335,8045,6679,1-145
2023.11.22 20:31:14,5335,1643,0258,8-144
2023.11.22 20:33:17,3869,1643,6679,1-145
2023.11.22 20:35:19,3870,1643,0258,8-144
2023.11.22 20:37:21,3870,8045,0258,-1044
2023.11.22 20:39:23,3870,8045,0258,8044
2023.11.22 20:41:26,5335,8045,60-10,6860
2023.11.22 20:43:28,5335,1643,6060,6860
2023.11.22 20:45:30,8871,1643,0258,1-145
2023.11.22 20:47:32,3872,1643,6060,8-144
2023.11.22 20:49:34,3872,6060,0258,1-145
2023.11.22 20:51:37,5335,6-160,0258,8-144
2023.11.22 20:53:39,5335,8045,0060,8-144
2023.11.22 20:55:41,3873,8045,6679,8-144
2023.11.22 20:57:43,3873,1643,6679,8-144
2023.11.22 20:59:45,5335,1643,6679,8-144
2023.11.22 21:01:47,5335,8045,0258,6860
2023.11.22 21:03:50,5335,8045,0258,6860
2023.11.22 21:05:52,3874,6060,6679,6860
2023.11.22 21:07:54,3874,8045,6679,1-145
2023.11.22 21:09:56,5335,1643,0258,1-145
2023.11.22 21:11:59,5335,3643,0258,1-145
2023.11.22 21:14:01,3876,3643,0258,8-144
2023.11.22 21:16:03,3876,6060,6060,0861
2023.11.22 21:18:05,5335,1643,0258,8-144
2023.11.22 21:20:08,5335,1643,0258,-1-144
2023.11.22 21:22:10,5335,6-160,6679,8-144
2023.11.22 21:24:12,3878,1643,0258,8-144
2023.11.22 21:26:14,3878,8045,6679,1-145
2023.11.22 21:28:16,5335,1643,0258,8044
2023.11.22 21:30:19,5335,1643,0258,8044
2023.11.22 21:32:21,5335,1643,0258,8-144
2023.11.22 21:34:23,5335,1643,0258,-1-144
2023.11.22 21:36:25,3879,6-160,0258,8044
2023.11.22 21:38:28,3879,6-160,0258,6860
2023.11.22 21:40:30,3880,8045,6679,1-145
2023.11.22 21:44:32,3881,8045,6679,6860
2023.11.22 21:46:50,5335,6060,6060,1-145
2023.11.22 21:48:52,5335,8045,6679,1-145
2023.11.22 21:50:54,5335,1643,6679,8-144
2023.11.22 21:52:56,6-160,1643,0258,-1-144
2023.11.22 21:54:58,5335,1643,6060,6860
2023.11.22 21:57:01,5335,8045,6679,1-145
2023.11.22 21:59:03,5335,8045,6679,-1-144
2023.11.22 22:01:05,3881,8045,6679,-1044
2023.11.22 22:03:07,3881,1643,0258,1-145
2023.11.22 22:05:10,5335,8045,0258,1-145
2023.11.22 22:07:12,5335,1643,0258,1-145
2023.11.22 22:09:14,3831,1643,6679,0-144
2023.11.22 22:11:16,3881,1643,6679,1-145
2023.11.22 22:13:19,3881,1643,0258,1-145
2023.11.22 22:15:21,5335,1643,0258,8-144
2023.11.22 22:17:23,5335,6-160,6060,1-145
2023.11.22 22:19:25,3883,8045,6679,1-145
2023.11.22 22:21:28,3883,8045,0258,8-144
2023.11.22 22:23:30,3884,8045,0258,8-144
2023.11.22 22:25:32,5335,8045,0258,8-144
2023.11.22 22:27:34,5335,1643,6060,1886
2023.11.22 22:29:36,3885,8045,6679,1-145
2023.11.22 22:31:39,3886,1643,6679,1-145
2023.11.22 22:33:41,5335,1643,0258,8-144
2023.11.22 22:35:43,5335,8045,6060,68-18
2023.11.22 22:37:45,5335,8045,6679,1-145
2023.11.22 22:39:48,5335,8045,6679,8044
2023.11.22 22:41:50,6-160,6-160,6679,1-145
2023.11.22 22:43:52,3886,8045,6679,1-145
2023.11.22 22:45:54,3886,6060,0258,1-145
2023.11.22 22:47:57,5335,8045,6679,1-145
2023.11.22 22:49:59,5335,8045,6679,1-145
2023.11.22 22:54:03,3886,1643,0258,8-144
2023.11.22 22:56:05,6-160,1643,6679,1-145
2023.11.22 22:58:07,5335,1643,0258,0-144
2023.11.22 23:00:09,5335,6060,0258,8-144
2023.11.22 23:02:12,5335,8045,0258,8-144
2023.11.22 23:04:14,3886,6060,0258,-1-144
2023.11.22 23:06:16,3886,1643,6679,1-145
2023.11.22 23:08:18,3886,1643,6679,1-145
2023.11.22 23:10:21,5335,6-160,6679,1-145
2023.11.22 23:12:23,5335,8045,0258,1-145
2023.11.22 23:14:25,3886,8045,0258,0-144
2023.11.22 23:16:27,3886,1643,0258,8-144
2023.11.22 23:18:30,6-160,8045,6679,1-145
2023.11.22 23:20:32,3886,6060,6679,8-144
2023.11.22 23:22:34,5335,8045,6679,-1844
2023.11.22 23:24:36,3886,1643,0258,-1-144
2023.11.22 23:26:39,3886,8045,6679,8-144
2023.11.22 23:28:41,6-160,1643,0258,1-145
2023.11.22 23:30:43,6-160,1643,0258,6-162
2023.11.22 23:32:45,5335,1643,0258,1-145
2023.11.22 23:34:48,5335,1643,0258,1-145
2023.11.22 23:36:50,3886,3643,0258,1-145
2023.11.22 23:38:52,5335,1643,0258,1-145
2023.11.22 23:40:54,5335,8045,60-10,1-145
2023.11.22 23:42:57,6-160,8045,6679,8-144
2023.11.22 23:44:59,3886,8045,6679,8044
2023.11.22 23:47:01,3886,3643,6679,-1-144
2023.11.22 23:49:03,5335,3643,0258,6860
2023.11.22 23:51:06,5335,1643,0258,1-145
2023.11.22 23:53:08,6-160,6-160,60-10,1-145
2023.11.22 23:55:10,5335,8045,6679,1-145
2023.11.22 23:57:12,5335,8045,6679,-1-144
2023.11.22 23:59:15,5335,8045,6679,8-144
2023.11.23 06:00:02,6-160,1643,6060,1-14-1
2023.11.23 06:02:04,3886,1643,6679,8-144
2023.11.23 06:04:06,5335,1643,6679,1-145
2023.11.23 06:06:09,5335,8045,6679,1-145
2023.11.23 06:08:11,5335,8045,0258,8-144
2023.11.23 06:10:13,5335,1643,0258,8-144
2023.11.23 06:12:15,5335,1643,0258,1-145
2023.11.23 06:14:18,3886,1643,6679,1-145
2023.11.23 06:16:20,3886,60-10,6679,-1-144
2023.11.23 06:18:22,3886,8045,6679,8-144
2023.11.23 06:20:25,5335,60-10,6679,1-145
2023.11.23 06:22:27,5335,6-160,6679,1-145
2023.11.23 06:24:29,3886,8045,0258,-1-144
2023.11.23 06:26:31,3886,8045,0258,8044
2023.11.23 06:28:34,3886,8045,0258,-1-144
2023.11.23 06:30:36,5335,1643,6060,6860
2023.11.23 06:32:38,6-160,1643,6060,6860
2023.11.23 06:34:40,5335,1643,6679,1-145
2023.11.23 06:36:43,3886,606-1,6679,1-145
2023.11.23 06:38:45,3886,8045,6679,1-145
2023.11.23 06:40:47,3886,8045,0258,8-144
2023.11.23 06:42:49,6-160,1643,0258,6860
2023.11.23 06:44:51,6-160,1643,0258,8-144
2023.11.23 06:46:53,5335,3643,6679,1-145
2023.11.23 06:48:56,5335,6-160,6679,1845
2023.11.23 06:50:58,5335,8045,6679,1-145
2023.11.23 06:53:00,3886,8045,0258,8044
2023.11.23 06:55:02,3886,8045,0258,8-144
2023.11.23 06:57:05,3886,1643,0258,1845
2023.11.23 06:59:07,5335,1643,6060,1-145
2023.11.23 07:01:09,5335,1643,6679,1-145
2023.11.23 07:03:11,3887,1644,0258,8-144
2023.11.23 07:05:14,3888,8045,0258,8-144
2023.11.23 07:07:16,5335,8045,0279,6860
2023.11.23 07:09:18,5335,1648,0258,1-145
2023.11.23 07:11:20,5335,1649,6679,1-145
2023.11.23 07:13:23,5335,1650,6679,1-145
2023.11.23 07:15:25,5335,3651,6679,-1-144
2023.11.23 07:17:27,3892,8045,0258,8-144
2023.11.23 07:19:29,3892,8045,6679,8-144
2023.11.23 07:21:32,5335,3654,0258,6860
2023.11.23 07:23:34,5335,1655,0258,6-160
2023.11.23 07:25:36,3894,1656,0258,1845
2023.11.23 07:27:38,3894,8045,6060,1-145
2023.11.23 07:29:40,5335,8045,6060,1-145
2023.11.23 07:31:43,5335,3657,6679,8-144
2023.11.23 07:33:45,5335,1657,6679,6860
2023.11.23 07:35:47,3896,8045,6679,8-144
2023.11.23 07:37:49,3896,8045,0258,1-145
2023.11.23 07:39:52,5335,1656,6679,1-145
2023.11.23 07:41:54,5335,1658,0258,1-145
2023.11.23 07:43:56,3897,1659,0258,8-144
2023.11.23 07:45:58,3897,8045,0258,8044
2023.11.23 07:48:01,5335,8045,6679,8-144
2023.11.23 07:50:03,5335,1660,6679,6860
2023.11.23 07:52:05,3898,1661,6679,1-145
2023.11.23 07:54:07,3899,8045,0258,1-145
2023.11.23 07:56:10,3899,8045,0258,6860
2023.11.23 07:58:12,5335,1663,0258,1-145
2023.11.23 08:00:14,5335,1663,6060,1845
2023.11.23 08:02:16,3900,1663,6060,1-145
2023.11.23 08:04:19,3901,3664,6679,8-144
2023.11.23 08:06:21,3901,8045,6679,6860
2023.11.23 08:08:23,3901,8045,6679,8-144
2023.11.23 08:10:25,5335,8045,0258,1-145
2023.11.23 08:12:28,5335,1666,0258,1-145
2023.11.23 08:14:30,5335,1666,0258,1-145
2023.11.23 08:16:32,3903,8045,6613,8-144
2023.11.23 08:18:34,3903,8045,6679,8-144
2023.11.23 08:20:36,5335,8045,6679,8-144
2023.11.23 08:22:39,5335,1668,0258,6860
2023.11.23 08:24:41,3904,1669,0258,1-145
2023.11.23 08:28:45,3905,8045,6060,8-144
2023.11.23 08:30:47,5335,1670,6679,8-144
2023.11.23 08:32:49,5335,1670,6679,-1044
2023.11.23 08:34:52,3906,8045,6060,6860
2023.11.23 08:36:54,3906,8045,6679,1-145
2023.11.23 08:38:56,5335,8045,6679,1-145
2023.11.23 08:40:58,5335,1672,6679,1-145
2023.11.23 08:43:01,3907,1673,0258,8-144
2023.11.23 08:45:03,3907,8045,6060,-1-144
2023.11.23 08:47:05,3908,8045,6258,8-144
2023.11.23 08:49:07,5335,3674,6679,8-144
2023.11.23 08:51:09,5335,1675,6679,8-144
2023.11.23 08:53:11,3909,3-115,6679,8-144
2023.11.23 08:55:14,3909,3616,6679,1-145
2023.11.23 08:57:16,5335,8045,0258,1-145
2023.11.23 08:59:18,5335,8045,0258,1-145
2023.11.23 09:01:20,5335,1676,0258,8-144
2023.11.23 09:03:23,5335,6060,0260,1-145
2023.11.23 09:05:25,8912,1676,6679,8-144
2023.11.23 09:07:27,3912,1676,0263,8-144
2023.11.23 09:09:30,3912,6060,0263,1885
2023.11.23 09:11:32,5335,8045,6274,1-145
2023.11.23 09:13:34,5335,8045,6679,6-160
2023.11.23 09:15:36,3913,8045,6679,8-144
2023.11.23 09:17:39,3913,1676,0265,8-144
2023.11.23 09:19:41,6-160,8045,6679,8-144
2023.11.23 09:21:43,3913,1676,0266,6860
2023.11.23 09:23:45,60-10,1676,0266,6860
2023.11.23 09:25:48,6-160,1676,6679,1-145
2023.11.23 09:27:50,3913,6060,6276,8-144
2023.11.23 09:29:52,5335,8045,0266,1-145
2023.11.23 09:31:54,5335,1676,0266,1-145
2023.11.23 09:33:57,3913,8045,6679,8044
2023.11.23 09:35:59,3913,8045,0266,8-144
2023.11.23 09:38:01,5335,1676,0266,1-145
2023.11.23 09:40:03,5335,1676,6679,1-145
2023.11.23 09:42:05,3913,1676,6679,1-145
2023.11.23 09:44:08,3913,1676,0266,1-145
2023.11.23 09:48:11,5335,8045,0266,1-145
2023.11.23 09:50:14,5335,8045,0266,8044
2023.11.23 09:52:16,5335,8045,0266,1-145
2023.11.23 09:54:18,5335,8045,6679,1-145
2023.11.23 09:56:21,3913,1676,6679,8-144
2023.11.23 09:58:23,3913,1676,0266,8-144
2023.11.23 10:00:25,6-160,8045,6679,1-145
2023.11.23 10:02:27,5335,8045,6679,8-144
2023.11.23 10:04:30,5335,167-1,0267,1-145
2023.11.23 10:06:32,3913,1679,0267,8-144
2023.11.23 10:08:34,5335,1680,6679,8-144
2023.11.23 10:10:36,5335,8045,6679,6860
2023.11.23 10:12:39,6-160,8045,0269,6860
2023.11.23 10:14:41,3913,1682,0269,1-145
2023.11.23 10:16:43,3913,1682,6679,1845
2023.11.23 10:18:46,5335,8045,6679,1-145
2023.11.23 10:20:48,5335,8045,6679,8-144
2023.11.23 10:22:50,5335,1683,0270,1-145
2023.11.23 10:24:52,5335,1684,0271,8-144
2023.11.23 10:26:55,3913,8045,6679,8-144
2023.11.23 10:28:57,3913,8045,6679,0844
2023.11.23 10:30:59,3913,8045,0272,6860
2023.11.23 10:33:01,6060,1686,0272,6860
2023.11.23 10:35:04,5335,1686,6679,1-145
2023.11.23 10:37:06,5335,8045,6679,8844
2023.11.23 10:39:08,5335,8045,0273,1845
2023.11.23 10:41:10,3913,1687,0273,-1-144
2023.11.23 10:43:13,3913,1687,0273,6860
2023.11.23 10:45:15,6-160,8045,6679,6860
2023.11.23 10:47:17,5335,8045,6679,1845
2023.11.23 10:49:19,5335,8045,0273,1-145
2023.11.23 10:51:22,6-160,8045,0274,1-145
2023.11.23 10:53:24,5335,8045,0274,8044
2023.11.23 10:55:26,5335,1689,0274,6860
2023.11.23 10:57:28,5335,1689,6679,6860
2023.11.23 10:59:31,3913,8045,6679,1-145
2023.11.23 11:01:33,3913,8045,6679,1-145
2023.11.23 11:03:35,3913,1692,0276,1-145
2023.11.23 11:05:37,6-160,1693,0276,6860
2023.11.23 11:07:39,5335,1693,6679,1-145
2023.11.23 11:09:42,5335,8046,6679,1-145
2023.11.23 11:11:44,5335,8046,0277,1845
2023.11.23 11:13:46,3914,1693,0277,3844
2023.11.23 11:15:48,3915,1694,6679,8-144
2023.11.23 11:17:51,5335,8046,6679,8-144
2023.11.23 11:19:53,5335,8046,6277,6860
2023.11.23 11:21:55,3916,1694,0277,6860
2023.11.23 11:23:57,3916,1695,0277,8844
2023.11.23 11:26:00,3817,8046,6680,1-145
2023.11.23 11:27:11,3917,1695,0278,8-144
2023.11.23 11:30:00,3918,8046,6680,8-144
2023.11.23 11:51:46,3921,3701,0281,8-144
2023.11.23 12:00:00,3922,8046,6680,8-144
2023.11.23 12:20:00,5335,8046,6680,6860
2023.11.23 12:30:00,3927,8046,6680,8-144
2023.11.23 12:40:00,3928,8046,6680,8-144
2023.11.23 12:50:00,3930,3710,6680,1845
2023.11.23 13:00:00,3931,8046,6680,8844
2023.11.23 13:10:00,3933,8046,6680,8-144
2023.11.23 13:20:00,3934,3710,6680,1-145
2023.11.23 13:30:00,3936,3710,6680,-1044
2023.11.23 13:40:00,5335,6060,6060,1845
2023.11.23 13:50:00,3938,6060,0292,8-144
2023.11.23 14:00:00,5335,3710,6680,-1-144
2023.11.23 14:10:00,5335,8046,6680,8-144
2023.11.23 14:20:00,5335,3710,6060,8-144
2023.11.23 14:30:00,5335,8046,0292,8-144
2023.11.23 14:40:00,3938,3710,6060,1-145
2023.11.23 14:50:00,5335,3710,6680,1845
2023.11.23 15:00:00,3938,6060,6680,1-145
2023.11.23 15:10:00,6-160,3710,0299,1-145
2023.11.23 15:20:00,3938,8046,6680,8-144
2023.11.23 15:30:00,5335,6060,6680,8-144
2023.11.23 15:40:00,5335,8046,6680,1845
2023.11.23 15:50:00,3938,8046,0301,1845
2023.11.23 16:00:00,5335,8046,60-10,1-145
2023.11.23 16:10:00,3944,8046,6680,1-145
2023.11.23 16:20:00,3946,8046,6680,1-14-1
2023.11.23 16:30:00,5335,6860,6680,6860
2023.11.23 16:40:00,3950,1720,6060,8-144
2023.11.23 16:50:00,3952,1720,0301,8-144
2023.11.23 17:00:00,5335,1720,6680,8-144
2023.11.23 17:10:00,3954,1722,0301,3-144
2023.11.23 17:20:00,3955,1726,0301,8844
2023.11.23 17:30:00,5336,1729,6680,8844
2023.11.23 17:40:00,3959,3733,6060,6860
2023.11.23 17:50:00,3960,3734,0301,1845
2023.11.23 18:00:00,5336,1736,6680,6860
2023.11.23 18:10:00,3963,3739,6060,8-144
2023.11.23 18:20:00,3965,8046,6680,1845
2023.11.23 18:30:00,5336,3740,6680,1-145
2023.11.23 18:40:00,5336,1740,6680,1-145
2023.11.23 18:50:00,5336,8046,0301,1-145
2023.11.23 19:00:00,5336,6-160,6680,6860
2023.11.23 19:10:00,5336,1740,6060,8844
2023.11.23 19:20:00,5336,8046,0301,8-144
2023.11.23 19:30:00,3966,6060,6680,1845
2023.11.23 19:40:00,3966,1740,6680,1-145
2023.11.23 19:50:00,3966,3740,0301,6860
2023.11.23 20:00:00,5336,8046,6680,8-144
2023.11.23 20:10:00,5336,1740,6680,8844
2023.11.23 20:20:00,5336,1740,0301,1845
2023.11.23 20:30:00,3966,8046,6680,1-145
2023.11.23 20:40:00,3966,3740,6060,1-145
2023.11.23 20:50:00,3966,6060,6060,-1-144
2023.11.23 21:00:00,5336,3740,0301,1-145
2023.11.23 21:10:00,6060,3740,6680,1-145
2023.11.23 21:20:00,3966,8046,6060,1-145
2023.11.23 21:30:00,5336,3740,0301,6860
2023.11.23 21:40:00,3966,6060,6060,6860
2023.11.23 21:50:00,5336,3740,0301,184-1
2023.11.23 22:00:00,5336,1740,0301,1-145
2023.11.23 22:10:00,3966,3740,6680,8844
2023.11.23 22:20:00,6060,8046,0301,1-145
2023.11.23 22:30:00,3969,8046,6680,1845
2023.11.23 22:40:00,3973,3740,6680,8-144
2023.11.23 22:50:00,3975,3740,0301,1-145
2023.11.23 23:00:00,3977,3740,0301,8-144
2023.11.23 23:10:00,5336,8046,6680,8-144
2023.11.23 23:20:00,3977,6860,6060,8-145
2023.11.23 23:30:00,5336,3740,0301,0-145
2023.11.23 23:40:00,5336,6060,6680,6860
2023.11.23 23:50:00,3977,3740,6680,1845
2023.11.24 00:00:00,5336,8046,0301,8-145
2023.11.24 00:10:00,5336,8046,0301,1845
2023.11.24 00:20:00,3977,8046,0301,8045
2023.11.24 00:30:00,6-160,6060,6680,1845
2023.11.24 00:40:00,6060,3740,6680,8845
2023.11.24 00:50:00,3977,3740,0301,8-145
2023.11.24 01:00:00,5336,8046,6680,8045
2023.11.24 01:10:00,6060,1740,6680,1-145
2023.11.24 01:20:00,3977,3740,0301,6860
2023.11.24 01:30:00,5336,8046,6680,8-145
2023.11.24 01:40:00,6060,1740,6680,1845
2023.11.24 01:50:00,5336,8046,0301,184-1
2023.11.24 02:00:00,5336,8046,6060,1845
2023.11.24 02:10:00,5336,3740,0301,3045
2023.11.24 02:20:00,3977,8046,6680,1845
2023.11.24 02:30:00,5336,1740,6060,184-1
2023.11.24 02:40:00,5336,8046,6680,1-145
2023.11.24 02:50:00,3977,3740,0301,6860
2023.11.24 03:00:00,5336,3740,6680,0-145
2023.11.24 03:10:00,5336,8046,0301,1845
2023.11.24 03:20:00,3977,3740,0301,6860
2023.11.24 03:30:00,5336,1740,0301,8-145
2023.11.24 03:40:00,3977,1740,0301,8-145
2023.11.24 03:50:00,6-160,1740,6680,8845
2023.11.24 04:00:00,5336,8046,6680,8-145
2023.11.24 04:10:00,3977,1740,0301,8845
2023.11.24 04:20:00,5336,1740,6680,184-1
2023.11.24 04:30:00,5336,1740,6680,8-145
2023.11.24 04:40:00,3977,8046,0301,6860
2023.11.24 04:50:00,5336,6060,6680,1845
2023.11.24 05:00:00,68-11,1740,0301,184-1
2023.11.24 05:10:00,3977,8046,6680,184-1
2023.11.24 05:20:00,5336,6-160,0301,8845
2023.11.24 05:30:00,5336,3740,6060,6860
2023.11.24 05:40:00,3977,8046,6680,8-145
2023.11.24 05:50:00,5336,1740,0301,8845
2023.11.24 06:00:00,5336,3740,6680,6860
2023.11.24 06:10:00,3977,8046,6060,8-145
2023.11.24 06:20:00,5336,1740,0301,1-146
2023.11.24 06:30:00,6-160,1740,6680,8845
2023.11.24 06:40:00,3977,8046,6060,1846
2023.11.24 06:50:00,5336,1740,0301,184-1
2023.11.24 07:00:00,3977,1740,6680,8845
2023.11.24 07:10:00,6-160,3740,0301,8-145
2023.11.24 07:20:00,3977,8046,6680,3845
2023.11.24 07:30:00,3977,6060,6060,8845
2023.11.24 07:40:00,5336,8046,6680,6860
2023.11.24 07:50:00,5336,6060,0301,3845
2023.11.24 08:00:00,5336,6860,6000,6860
2023.11.24 08:10:00,3977,3747,0301,8-145
2023.11.24 08:20:00,5336,3751,6680,08-18
2023.11.24 08:30:00,3977,1753,0301,8-145
2023.11.24 08:40:00,3977,3755,6680,-1863
2023.11.24 08:50:00,5336,1758,0301,1-14-1
2023.11.24 09:00:00,3977,1760,6680,8-145
2023.11.24 09:10:00,3980,3761,0305,6860
2023.11.24 09:20:00,3983,1764,0308,1-14-1
2023.11.24 09:30:00,3934,1766,0309,8845
2023.11.24 09:40:00,3986,1768,0310,8-145
2023.11.24 09:50:00,3987,1770,0312,184-1
2023.11.24 10:00:00,3990,3374,0313,8845
2023.11.24 10:10:00,8331,3775,6000,1-14-1
2023.11.24 10:20:00,3332,1776,0314,08-16
2023.11.24 10:30:00,3994,1779,0316,884-1
2023.11.24 10:40:00,3336,1783,0318,1-14-1
2023.11.24 10:50:00,-1337,1785,0319,6862
2023.11.24 11:00:00,3998,1785,0319,8845
2023.11.24 11:10:00,3933,1786,0320,384-1
2023.11.24 11:20:00,4000,1788,0321,184-1
2023.11.24 11:30:00,9-131,1789,0322,8845
2023.11.24 11:40:00,4333,1793,0324,184-1
2023.11.24 11:50:00,533-1,1796,0325,6862
2023.11.24 12:00:00,4006,1797,0326,884-1
2023.11.24 12:10:00,4-177,1798,0327,184-1
2023.11.24 12:20:00,4009,1800,0328,184-1
2023.11.24 12:30:00,5336,1803,0329,884-1
2023.11.24 12:40:00,8-111,1804,0330,184-1
2023.11.24 12:50:00,5312,1806,0331,6866
2023.11.24 13:00:00,4814,1808,0332,3845
2023.11.24 13:10:00,4-115,1810,0334,8-145
