202402040050,{1446:1};202401240010,{};202401260840,{};202401240010,{}
202402040150,{1454:1};202401240010,{};202401260840,{};202401240010,{}
202402040730,{1460:1};202401240010,{};202401260840,{};202401240010,{}
202402040750,{1463:1};202401240010,{};202401260840,{};202401240010,{}
202402040900,{1473:1};202401240010,{};202401260840,{};202401240010,{}
202402041400,{1473:1};202401240010,{};202401260840,{};202401240010,{}
202402042220,{1473:1};202401240010,{};202401260840,{};202401240010,{}
202402042240,{1474:1};202401240010,{};202401260840,{};202401240010,{}
202402042250,{1476:1};202401240010,{};202401260840,{};202401240010,{}
202402042310,{1483:1};202401240010,{};202401260840,{};202401240010,{}
202402042350,{1490:1};202401240010,{};202401260840,{};202401240010,{}