2022.12.10.,34363
2022.12.11.,
2022.12.12.,34442
2022.12.13.,34485
2022.12.14.,34538
2022.12.15.,34593
2022.12.16.,34644
2022.12.17.,34704
2022.12.18.,34739
2022.12.19.,34739
2022.12.20.,34833
2022.12.21.,
2022.12.22.,
2022.12.23.,35037
2022.12.27.,35212
2022.12.30.,35355
2023.01.01.,
2023.01.02.,
2023.01.03.,35448
2023.01.04.,
2023.01.05.,
2023.01.06.,
2023.01.07.,35550
2023.01.08.,
2023.01.09.,35628
2023.01.10.,35662
2023.01.11.,35710
2023.01.12.,
2023.01.13.,
2023.01.14.,
2023.01.15.,35883
2023.01.16.,35929
2023.01.17.,35978
2023.01.18.,
2023.01.19.,36080
2023.01.20.,
2023.01.21.,36146
2023.01.22.,36169
2023.01.23.,36241
2023.01.24.,
2023.01.25.,36293
2023.01.26.,36349
2023.01.27.,36392
2023.01.28.,
2023.01.29.,36464
2023.01.30,36514
2023.01.31.,36583
2023.02.01.,
2023.02.02,36694
2023.02.03,36747
2023.02.04,36810
2023.02.05.,
2023.02.06.,
2023.02.07.,36970
,
2023.02.09.,
2023.02.10.,
2023.01.12.,
2023.02.13.,37327
2023.02.14.,
2023.02.15.,
2023.02.16.,
2023.02.17.,
2023.02.18.,37544
,
2023.02.20,
2023.02.21.,37642
2023.02.22.,
2023.02.23.,37773
2023.02.24.,37772
2023.02.25.,37795
2023.02.26.,37815
2023.02.27.,37853
2023.02.28.,37878
2023.03.01.,37923
2023.03.02,37960
2023.03.03.,37996
2023.03.04.,38023
2023.03.05.,38059
2023.03.06,38096
2023.03.07,38141
2023.03.10.,38277
2023.03.11.,38297
2023.03.12.,38322
2023.03.13.,38357
2023.03.14.,38382
2023.03.15.,38423
2023.03.16,
2023.03.17,38493
,
,
,
2023.03.21.,38592
,
,
,
2023.03.25.,38685
2023.03.26.,38695
,
2023.03.28.,38721
,
2023.03.30,38820
2023.03.31.,38842
2023.04.01.,
2023.04.02.,38844
,
2023.04.04.,38915
2023.04.05.,
2023.04.06.,
2023.04.07.,39020
2023.04.08.,
2023.04.09.,
2023.04.10.,
2023.04.11.,39085
,
2023.04.13.,39141
2023.04.14.,39167
2023.04.15.,39180
2023.04.18.,39237
,
,
2023.04.21.,39277
